Project_ID,Team_Size,Task_Count,Developer_Experience,Priority_Level,Task_Complexity,Effort_Hours,Project_Size,Testing_Coverage,Past_Effort_Data,Status,Start_Date,Task_Plan_Time_Minutes,Task_Actual_Time_Minutes,Phase_Key,Team_Key,Defect_Fix_Time_Minutes,A&M_LoC,Effort_per_Team_Member,LoC_per_Team_Member,Effort_Density,Team_Productivity,Duration_Days
P-1,9,90,4,1,1.0,3039,63478,0.99,3081,Completed,2012-01-03,592,819,8,3,784,31373,337.6666666666667,3485.8888888888887,0.047874854280223,20.88779203685423,85
P-2,17,277,1,2,1.54,4459,31762,0.78,3065,Completed,2016-01-10,239,203,4,14,932,31270,262.29411764705884,1839.4117647058824,0.1403878848938983,7.123121776183001,111
P-3,13,241,4,2,1.43,5000,149355,0.63,3263,Completed,2012-01-17,859,292,3,17,818,11386,521.9230769230769,875.8461538461538,0.0454286766428977,22.01252763448784,153
P-4,10,204,7,3,1.6,5000,199994,0.72,11490,Completed,2013-01-24,417,1118,5,19,829,65817,593.2,6581.7,0.0296608898266948,33.71443020903574,128
P-5,9,295,4,2,1.92,4760,175492,0.8,6828,Completed,2016-01-31,930,205,9,6,920,66184,528.8888888888889,7353.777777777777,0.0271237435324687,36.86806722689076,123
P-6,13,240,6,2,1.44,2861,60568,0.54,6491,Completed,2015-02-07,281,487,6,4,565,80693,220.07692307692307,6207.153846153846,0.0472361643111874,21.17022020272632,69
P-7,13,194,9,2,1.5,5000,90090,0.81,11031,Completed,2014-02-14,919,817,9,7,987,38879,512.6153846153846,2990.692307692308,0.0739704739704739,13.518907563025213,136
P-8,6,250,1,3,0.91,4170,25219,0.99,3906,Completed,2013-02-21,400,345,6,19,446,50597,695.0,8432.833333333334,0.1653515206788532,6.047721822541966,110
P-9,10,210,5,1,1.66,2253,62169,0.6,9423,Completed,2013-02-28,646,982,2,17,915,40132,225.3,4013.2,0.0362399266515465,27.59387483355525,71
P-10,5,294,7,3,1.28,5000,79965,0.9,14951,Completed,2015-03-07,627,623,5,16,155,4626,1500.0,925.2,0.1075470518351778,9.298255813953489,186
P-11,4,261,1,3,1.97,2438,182912,0.95,11564,Completed,2012-03-14,237,1089,9,15,134,86936,609.5,10000.0,0.0133288138558432,75.02543068088598,89
P-12,14,254,4,1,1.79,5000,180767,0.97,11812,Completed,2012-03-21,410,807,8,8,263,82515,647.2857142857143,5893.928571428572,0.0501308314017492,19.94780401677334,206
P-13,8,269,6,3,1.43,5000,89754,0.98,5280,Completed,2016-03-28,643,656,7,19,170,78065,809.5,9758.125,0.0721527731354591,13.859481161210624,143
P-14,4,289,2,1,0.95,5000,82988,0.76,4677,Completed,2016-04-04,526,940,1,8,181,56390,1500.0,10000.0,0.0854099387863305,11.70823927765237,179
P-15,3,206,5,3,1.83,5000,194414,0.99,6976,Completed,2016-04-11,960,401,4,18,899,17645,1500.0,5881.666666666667,0.0468896272902157,21.32667836770513,211
P-16,14,190,1,1,1.76,5000,155023,0.88,3104,Completed,2017-04-18,426,411,7,16,246,92960,486.0,6640.0,0.0438902614450758,22.784097589653147,169
P-17,14,95,6,2,1.02,5000,137379,0.58,8681,Completed,2015-04-25,247,205,7,19,68,55144,560.3571428571429,3938.857142857143,0.0571047976765007,17.511663479923516,163
P-18,19,84,6,3,1.15,5000,85388,0.74,2882,Completed,2015-05-02,217,823,6,10,691,14382,440.7894736842105,756.9473684210526,0.098081697662435,10.19558208955224,162
P-19,12,183,4,3,1.75,5000,95768,0.86,1031,Completed,2013-05-09,638,575,8,17,61,5025,798.8333333333334,418.75,0.1000960654916047,9.990402670561236,209
P-20,18,131,8,3,1.02,5000,40428,0.62,6579,Completed,2013-05-16,907,1090,6,13,130,44226,396.27777777777777,2457.0,0.1764371227861877,5.667741483246881,131
P-21,17,164,4,3,1.9,1097,97021,0.82,13008,Completed,2016-05-23,386,646,3,13,379,80380,64.52941176470588,4728.235294117647,0.0113068304799991,88.44211485870557,33
P-22,17,246,8,2,1.31,3562,123418,0.83,1134,Completed,2013-05-30,544,1034,4,7,915,70711,209.52941176470588,4159.470588235294,0.0288612682104717,34.64851207186974,69
P-23,14,96,8,3,0.9,2836,175047,0.58,10461,Completed,2015-06-06,423,305,3,10,823,97055,202.57142857142856,6932.5,0.0162013630624917,61.72320169252468,50
P-24,5,202,5,2,1.78,1072,137212,0.78,12496,Completed,2016-06-13,687,850,1,2,441,75710,214.4,10000.0,0.0078127277497594,100.0,51
P-25,7,243,4,2,1.25,5000,160914,0.89,11062,Completed,2012-06-20,428,1010,5,4,686,4443,1145.857142857143,634.7142857142857,0.0498465018581354,20.06158833063209,185
P-26,9,59,2,2,1.43,5000,31421,0.75,14662,Completed,2014-06-27,589,600,1,6,356,22395,741.2222222222222,2488.333333333333,0.2123102383756086,4.710088442512367,163
P-27,11,105,3,2,0.93,5000,6708,0.51,502,Completed,2017-07-04,788,295,1,18,316,11725,690.6363636363636,1065.909090909091,0.5,0.8829801237330526,170
P-28,9,79,3,1,0.8,2590,139702,0.5,14505,Completed,2014-07-11,387,587,2,6,496,34461,287.77777777777777,3829.0,0.0185394625703282,53.93899613899614,77
P-29,6,291,4,1,1.57,5000,155667,0.68,8897,Completed,2016-07-18,469,1158,4,17,490,42115,1177.6666666666667,7019.166666666667,0.0453917657563902,22.03042739881121,176
P-30,16,158,4,3,1.42,5000,81021,0.96,6451,Completed,2017-07-25,806,651,6,14,944,97887,320.25,6117.9375,0.0632428629614544,15.812060889929745,110
P-31,11,54,5,1,1.51,2133,164380,0.61,12827,Completed,2015-08-01,509,1048,8,11,701,84732,193.9090909090909,7702.909090909091,0.0129760311473415,77.06516643225504,66
P-32,4,168,4,1,1.75,2017,49789,0.82,14894,Completed,2013-08-08,331,1008,3,19,890,80790,504.25,10000.0,0.040510956235313,24.68468021814576,79
P-33,17,297,8,3,1.58,4148,191762,0.61,11313,Completed,2014-08-15,750,1178,1,2,51,80557,244.0,4738.64705882353,0.0216309800690439,46.22999035679846,79
P-34,9,82,6,3,1.01,2037,31086,0.66,13431,Completed,2017-08-22,271,1100,3,3,569,72260,226.3333333333333,8028.888888888889,0.0655278903686547,15.260677466863036,49
P-35,14,167,6,3,1.23,3637,21859,0.92,6126,Completed,2017-08-29,992,615,3,11,811,29690,259.7857142857143,2120.714285714286,0.1663845555606386,6.010173219686555,76
P-36,10,114,8,1,1.89,5000,12684,0.86,8239,Completed,2016-09-05,871,925,5,6,700,2407,748.5,240.7,0.5,1.6945891783567135,169
P-37,17,195,7,1,1.72,597,96088,0.55,6503,Completed,2015-09-12,386,703,4,14,685,74568,35.11764705882353,4386.35294117647,0.0062130546998584,100.0,30
P-38,5,273,8,3,1.47,4250,137279,0.71,3390,Completed,2017-09-19,685,653,4,19,358,59560,850.0,10000.0,0.0309588502247248,32.30094117647059,98
P-39,16,288,2,2,1.11,5000,51099,0.51,11885,Completed,2013-09-26,390,490,9,16,789,48340,564.6875,3021.25,0.1768136362746824,5.6556723851687885,196
P-40,19,226,9,3,1.16,5000,71093,0.74,11358,Completed,2015-10-03,621,733,7,7,571,18794,456.5263157894737,989.157894736842,0.1220091992179258,8.196103297210053,159
P-41,6,60,1,2,1.68,5000,165761,0.83,6739,Completed,2013-10-10,319,392,4,8,518,20881,1433.8333333333333,3480.1666666666665,0.0519000247344067,19.2678135534116,211
P-42,10,134,8,2,1.82,5000,53651,0.56,8526,Completed,2016-10-17,419,1179,3,19,261,87292,591.3,8729.2,0.1102122980000372,9.073397598511754,132
P-43,6,75,4,3,1.61,5000,18893,0.64,3806,Completed,2014-10-24,252,349,6,16,161,95952,861.0,10000.0,0.2734346054094109,3.6571815718157183,128
P-44,4,112,4,3,1.77,1110,71418,0.7,1397,Completed,2016-10-31,933,1079,3,7,57,50703,277.5,10000.0,0.0155423002604385,64.34054054054054,51
P-45,8,266,5,3,1.72,2227,130074,0.96,9777,Completed,2012-11-07,650,958,6,9,853,45354,278.375,5669.25,0.0171210234174393,58.40772339470139,64
P-46,12,135,8,1,0.98,2354,108065,1.0,9971,Completed,2015-11-14,611,978,9,13,526,92288,196.16666666666663,7690.666666666667,0.0217831860454356,45.90696686491079,54
P-47,6,108,5,2,1.31,5000,135351,0.52,1170,Completed,2013-11-21,842,1172,6,1,923,79462,925.8333333333334,10000.0,0.0410414404031,24.365616561656164,135
P-48,14,76,8,1,0.98,2824,196083,0.88,7791,Completed,2013-11-28,436,962,4,8,509,15390,201.7142857142857,1099.2857142857142,0.0144020644318987,69.43449008498584,61
P-49,4,226,1,1,1.08,5000,43635,0.69,2005,Completed,2015-12-05,957,714,5,4,302,88475,1500.0,10000.0,0.2261716511974332,4.42142060999088,239
P-50,12,254,9,3,1.84,5000,192187,0.7,6960,Completed,2013-12-12,937,592,6,3,575,28307,815.25,2358.9166666666665,0.0509035470661387,19.644996422365328,199
P-51,6,210,6,1,1.37,5000,100071,0.88,12267,Completed,2013-12-19,919,515,3,3,801,97364,1045.6666666666667,10000.0,0.0626954862047945,15.95011157156519,152
P-52,16,147,3,3,1.44,5000,83518,0.96,13506,Completed,2014-12-26,605,275,8,13,487,95049,438.6875,5940.5625,0.0840417634521899,11.898845989457188,151
P-53,18,154,8,2,1.01,2249,111233,0.98,5667,Completed,2012-01-02,807,798,4,8,803,25502,124.94444444444444,1416.7777777777778,0.0202188199545099,49.458870609159625,39
P-54,17,148,9,3,1.17,1281,108651,0.79,10647,Completed,2017-01-09,621,469,8,7,903,96599,75.3529411764706,5682.294117647059,0.0117900433498081,84.81733021077284,30
P-55,10,178,6,1,1.08,5000,77805,0.68,5755,Completed,2012-01-16,911,424,3,1,710,23486,804.8,2348.6,0.1034380823854508,9.667619284294236,178
P-56,16,198,7,1,1.05,5000,195026,0.89,749,Completed,2014-01-23,446,729,7,16,285,39258,457.6875,2453.625,0.0375488396418939,26.63198142837635,151
P-57,10,289,1,3,1.57,2605,164136,0.63,6957,Completed,2015-01-30,271,312,9,6,355,58716,260.5,5871.6,0.0158709850367987,63.00806142034549,79
P-58,18,104,5,3,1.11,4367,127813,0.78,2392,Completed,2013-02-06,384,450,4,7,527,98228,242.61111111111111,5457.111111111111,0.0341671035027735,29.267918479505383,86
P-59,15,55,5,1,1.56,5000,84063,0.68,3939,Completed,2015-02-13,205,432,8,12,728,82494,512.8666666666667,5499.6,0.0915146973103505,10.927206551410372,171
P-60,17,269,4,2,0.87,5000,7454,0.83,10545,Completed,2012-02-20,405,1040,3,9,69,83768,322.11764705882354,4927.529411764706,0.5,1.3612125639152666,115
P-61,15,258,6,2,0.97,2613,25878,0.62,3354,Completed,2016-02-27,743,990,7,11,265,11748,174.2,783.2,0.1009738001391143,9.903559127439724,56
P-62,11,246,7,3,1.13,5000,187170,0.6,10195,Completed,2016-03-06,810,913,3,10,904,63785,579.9090909090909,5798.636363636364,0.0340813164502858,29.34158959084496,131
P-63,17,144,9,2,1.52,4470,198226,0.96,12077,Completed,2015-03-13,586,282,7,1,184,77050,262.94117647058823,4532.35294117647,0.0225500186655635,44.34586129753915,87
P-64,15,182,1,1,1.61,5000,149063,0.55,12263,Completed,2013-03-20,967,324,6,18,954,23738,650.6,1582.5333333333333,0.0654689627875462,15.274413362024797,225
P-65,3,151,6,3,1.33,5000,73344,0.75,4292,Completed,2016-03-27,898,374,2,4,178,75231,1500.0,10000.0,0.1058573298429319,9.446676970633694,176
P-66,9,52,7,1,1.33,2077,109946,0.61,12118,Completed,2015-04-03,275,268,3,5,459,74606,230.77777777777777,8289.555555555555,0.0188910919906135,52.93500240731825,60
P-67,11,230,3,1,1.67,5000,41593,0.52,5830,Completed,2014-04-10,376,246,6,9,471,94301,882.0909090909091,8572.818181818182,0.2332844469021229,4.286612387921261,225
P-68,3,72,8,2,0.82,2774,41304,0.52,8371,Completed,2015-04-17,998,1083,4,17,343,42662,924.6666666666666,10000.0,0.0671605655626573,14.889689978370583,70
P-69,14,278,5,3,1.21,5000,166458,0.59,8735,Completed,2014-04-24,548,455,6,3,295,97297,383.5,6949.785714285715,0.0322543824868735,31.00353883404731,113
P-70,10,102,9,3,1.78,5000,191292,0.93,4112,Completed,2012-05-01,454,926,1,16,750,83234,724.4,8323.4,0.0378688078957823,26.40695748205412,150
P-71,13,214,5,2,1.52,2926,118613,0.64,3118,Completed,2014-05-08,901,229,1,5,605,16123,225.07692307692307,1240.2307692307693,0.0246684596123527,40.537593984962406,74
P-72,19,251,9,1,1.2,5000,157155,0.98,5178,Completed,2012-05-15,507,480,3,16,135,26616,318.2105263157895,1400.842105263158,0.0384715726512042,25.993218656963283,117
P-73,10,251,4,1,1.89,5000,23354,0.79,3663,Completed,2015-05-22,544,1123,8,3,605,12182,735.2,1218.2,0.3148068853301362,3.176550598476605,178
P-74,5,132,9,1,1.73,3051,27190,0.72,9980,Completed,2016-05-29,326,1193,8,15,891,91369,610.2,10000.0,0.1122103714600956,8.91183218616847,83
P-75,5,194,5,1,1.12,5000,11142,0.79,3442,Completed,2015-06-05,486,436,4,3,424,99878,1382.2,10000.0,0.5,1.6122124149905948,166
P-76,3,134,9,3,1.57,507,164470,0.76,8911,Completed,2017-06-12,965,447,6,14,495,63013,169.0,10000.0,0.0030826290508907,100.0,30
P-77,7,127,3,3,1.51,5000,188043,0.88,2425,Completed,2015-06-19,924,567,8,16,427,32331,1226.7142857142858,4618.714285714285,0.0456650872406843,21.89856760218936,197
P-78,12,250,4,2,1.28,3055,46862,0.64,3472,Completed,2012-06-26,961,694,7,17,439,47098,254.5833333333333,3924.8333333333335,0.0651914130852289,15.339443535188217,78
P-79,9,159,9,2,1.24,975,189482,0.68,12205,Completed,2015-07-03,795,224,7,18,706,27128,108.33333333333331,3014.222222222222,0.0051456074983375,100.0,30
P-80,11,50,6,3,1.21,5000,155575,0.95,11140,Completed,2015-07-10,686,785,4,18,100,32556,537.8181818181819,2959.6363636363635,0.0380266752370239,26.2973292765382,125
P-81,9,100,2,3,1.54,5000,130438,0.97,12163,Completed,2016-07-17,582,917,9,14,291,88505,1019.5555555555557,9833.888888888889,0.0703475980925803,14.21512641673932,209
P-82,11,222,7,1,1.33,5000,53456,0.95,11466,Completed,2015-07-24,605,689,6,18,343,22876,703.5454545454545,2079.6363636363635,0.1447732714756061,6.907352371107378,170
P-83,10,254,2,1,1.8,5000,105167,0.71,1490,Completed,2014-07-31,587,693,3,15,969,9949,721.0,994.9,0.0685576273926231,14.58626907073509,181
P-84,14,53,2,2,1.6,5000,87035,0.89,11638,Completed,2017-08-07,724,513,5,15,612,52962,392.8571428571428,3783.0,0.0631929683460676,15.824545454545454,134
P-85,4,239,1,3,0.88,5000,13016,0.74,2312,Completed,2016-08-14,756,805,5,6,315,91054,1288.5,10000.0,0.3959741856177013,2.5254171517268142,132
P-86,3,242,3,2,1.57,5000,7384,0.75,13645,Completed,2013-08-21,838,574,5,15,169,72206,1500.0,10000.0,0.5,0.8608067148519468,208
P-87,18,162,6,3,1.13,5000,198392,0.6,9495,Completed,2014-08-28,825,838,8,18,761,25099,364.6111111111111,1394.388888888889,0.0330809710068954,30.228858753618773,127
P-88,7,281,8,1,1.51,2785,151144,0.8,989,Completed,2016-09-04,475,1136,9,4,966,13716,397.8571428571428,1959.428571428572,0.018426136664373,54.27073608617594,76
P-89,5,81,9,2,1.62,5000,107239,0.59,12248,Completed,2017-09-11,699,224,9,8,297,53611,1144.6,10000.0,0.0533667788770876,18.738249170015727,131
P-90,14,83,7,2,1.08,5000,116431,0.67,6376,Completed,2012-09-18,916,533,6,15,119,39885,533.6428571428571,2848.928571428572,0.0641667597117606,15.584392986213356,153
P-91,10,141,4,3,1.35,4025,85018,0.93,10185,Completed,2014-09-25,536,554,6,3,902,54144,402.5,5414.4,0.0473429156178691,21.12248447204969,97
P-92,5,144,6,1,1.03,3322,45510,0.6,4145,Completed,2012-10-02,680,315,9,15,106,66220,664.4,10000.0,0.0729949461656778,13.699578567128237,91
P-93,3,121,5,2,0.86,5000,185005,0.54,7581,Completed,2017-10-09,472,247,4,13,431,8837,1500.0,2945.6666666666665,0.0294208264641496,33.98952783391512,132
P-94,5,88,8,1,1.25,5000,26826,0.53,3391,Completed,2015-10-16,257,937,6,9,88,50355,1406.0,10000.0,0.262059196302095,3.815931721194879,161
P-95,7,203,1,2,1.24,758,73026,0.97,10397,Completed,2015-10-23,527,977,4,2,850,48299,108.28571428571428,6899.857142857143,0.0103798647057212,96.34036939313984,49
P-96,17,299,1,1,1.99,782,126668,0.75,4016,Completed,2013-10-30,930,298,1,8,492,20159,46.0,1185.8235294117646,0.0061736192250607,100.0,47
P-97,16,211,6,3,1.34,2398,161590,0.7,3840,Completed,2013-11-06,308,658,7,17,67,52012,149.875,3250.75,0.0148400272294077,67.38532110091744,49
P-98,5,231,2,2,1.2,4635,29045,0.91,6910,Completed,2014-11-13,478,722,6,13,781,60305,927.0,10000.0,0.1595799621277328,6.266450916936354,126
P-99,3,167,5,2,1.5,5000,186948,0.92,553,Completed,2015-11-20,885,796,9,1,874,88096,1500.0,10000.0,0.0381335986477523,26.22359377191752,173
P-100,7,52,1,1,0.91,3700,95102,0.67,3075,Completed,2016-11-27,527,604,7,2,805,18106,528.5714285714286,2586.5714285714284,0.0389055960968223,25.703243243243243,109
P-101,16,172,7,1,1.95,5000,56919,0.85,12283,Completed,2014-12-04,975,413,7,15,401,59123,350.625,3695.1875,0.0985611131608074,10.145989304812836,126
P-102,9,99,1,2,1.56,5000,104441,0.89,1115,Completed,2014-12-11,514,884,2,12,865,9720,851.8888888888889,1080.0,0.073409867772235,13.622146863179864,187
P-103,11,61,4,3,1.71,1112,163175,0.83,13870,Completed,2012-12-18,673,1102,9,14,347,38661,101.0909090909091,3514.6363636363635,0.006814769419335,100.0,40
P-104,17,242,9,1,1.0,1187,172260,0.58,6444,Completed,2016-12-25,310,702,9,2,332,94898,69.82352941176471,5582.235294117647,0.0068907465459189,100.0,30
P-105,17,103,1,1,1.29,4190,141917,0.94,7904,Completed,2012-01-01,898,920,6,18,635,94794,246.4705882352941,5576.117647058823,0.0295242994144464,33.870405727923625,108
P-106,12,285,4,1,1.31,5000,172746,0.77,1454,Completed,2017-01-08,980,647,3,7,159,88318,775.3333333333334,7359.833333333333,0.0538594236624871,18.56685296646604,209
P-107,15,182,6,2,1.79,2807,123325,0.64,11125,Completed,2015-01-15,428,1093,1,6,229,22120,187.13333333333333,1474.6666666666667,0.0227609973646868,43.93480584253651,68
P-108,9,271,6,2,0.8,5000,24337,0.71,2129,Completed,2017-01-22,696,775,4,14,987,20790,848.1111111111111,2310.0,0.3136376710358713,3.188392506222979,164
P-109,19,271,8,2,1.16,5000,158385,0.52,11473,Completed,2013-01-29,355,457,3,8,593,59655,368.89473684210526,3139.736842105264,0.0442529279919184,22.59737480382365,134
P-110,6,106,1,2,1.98,5000,163015,0.56,7359,Completed,2017-02-05,672,1043,1,2,795,60643,1067.6666666666667,10000.0,0.0392969972088458,25.447236965344988,170
P-111,7,194,7,3,1.37,3091,82949,0.88,9341,Completed,2012-02-12,900,320,3,17,843,94448,441.57142857142856,10000.0,0.0372638609265934,26.8356518925914,74
P-112,9,161,1,3,1.26,5000,5276,0.5,11039,Completed,2014-02-19,471,1009,4,5,74,48374,853.6666666666666,5374.888888888889,0.5,0.6867109202134583,179
P-113,15,96,7,2,0.94,5000,56151,0.71,13182,Completed,2013-02-26,201,1177,8,14,892,43907,383.2,2927.133333333333,0.1023668322914997,9.768789144050103,115
P-114,17,200,3,3,1.97,5000,153683,0.76,3778,Completed,2014-03-05,957,253,9,3,840,51071,545.0588235294117,3004.176470588235,0.0602929406635737,16.585689617958128,200
P-115,13,256,8,1,0.82,5000,148016,0.53,5955,Completed,2016-03-12,921,530,3,5,787,35812,431.38461538461536,2754.769230769231,0.0378877959139552,26.393723252496432,116
P-116,6,278,3,1,1.68,4104,57887,0.99,11332,Completed,2017-03-19,710,983,6,16,106,50570,684.0,8428.333333333334,0.0708967471107502,14.105019493177387,120
P-117,15,134,1,1,1.72,1169,86442,0.61,4301,Completed,2017-03-26,485,440,5,18,229,51901,77.93333333333334,3460.0666666666666,0.0135235186599106,73.94525235243798,55
P-118,9,191,8,2,1.09,4864,54847,0.65,3061,Completed,2015-04-02,212,954,6,17,281,61186,540.4444444444445,6798.444444444444,0.0886830637956497,11.27611019736842,105
P-119,4,115,3,1,1.61,5000,63653,0.65,11941,Completed,2016-04-09,807,729,4,11,943,51251,1500.0,10000.0,0.1229949884530187,8.130412568655,197
P-120,12,124,2,3,0.91,1783,61622,0.62,7039,Completed,2015-04-16,697,682,6,17,392,66171,148.58333333333334,5514.25,0.0289344714549998,34.560852495793604,50
P-121,15,228,1,2,1.11,1423,32810,0.5,870,Completed,2016-04-23,932,386,7,16,526,37160,94.86666666666666,2477.333333333333,0.0433709234989332,23.056921995783554,49
P-122,8,152,3,3,1.75,1625,82842,0.86,1357,Completed,2017-04-30,437,1057,9,2,848,20156,203.125,2519.5,0.019615653895367,50.97969230769231,59
P-123,14,215,2,1,1.84,2029,127225,0.98,5386,Completed,2016-05-07,293,855,7,4,625,77208,144.92857142857142,5514.857142857143,0.0159481234034191,62.703302119270575,71
P-124,14,241,2,1,1.53,5000,15503,0.61,13445,Completed,2014-05-14,537,461,6,7,504,80980,638.4285714285714,5784.285714285715,0.5,1.734504363392258,207
P-125,13,275,6,1,1.41,4211,89761,0.83,7985,Completed,2012-05-21,980,1152,1,2,281,73320,323.9230769230769,5640.0,0.0469134702153496,21.31583946805984,100
P-126,9,87,1,2,0.99,5000,173048,0.87,14180,Completed,2015-05-28,370,563,2,6,338,18929,944.8888888888888,2103.222222222222,0.049142434469049,20.34901222953904,198
P-127,3,99,2,3,0.88,5000,131439,0.92,883,Completed,2015-06-04,805,690,1,17,262,67606,1500.0,10000.0,0.0515372149818547,19.403454384410985,163
P-128,3,147,6,2,0.94,4364,16590,0.71,14897,Completed,2017-06-11,860,630,9,7,307,89442,1454.6666666666667,10000.0,0.2630500301386377,3.8015582034830433,109
P-129,15,131,3,2,1.07,5000,146958,0.65,12569,Completed,2017-06-18,823,438,9,5,579,63559,555.5333333333333,4237.266666666666,0.056703275765865,17.635665426617063,180
P-130,11,79,4,1,1.21,5000,148938,0.66,11244,Completed,2015-06-25,766,503,7,5,736,55205,662.5454545454545,5018.636363636364,0.0489331131074675,20.436059275521405,169
P-131,5,128,1,2,1.26,726,71624,0.86,4834,Completed,2015-07-02,666,497,2,16,978,69475,145.2,10000.0,0.0101362671730146,98.65564738292012,51
P-132,9,140,8,2,1.22,764,168864,0.91,4790,Completed,2015-07-09,827,275,6,19,278,65341,84.88888888888889,7260.111111111111,0.0045243509569831,100.0,30
P-133,8,228,7,1,1.09,1145,145836,0.59,3225,Completed,2017-07-16,342,899,4,9,275,96377,143.125,10000.0,0.0078512850050741,100.0,40
P-134,10,240,7,2,1.41,5000,125356,0.69,12726,Completed,2012-07-23,400,532,1,5,645,43863,804.4,4386.3,0.0641692459874278,15.58378915962208,173
P-135,11,275,3,1,1.79,5000,47727,0.95,11985,Completed,2012-07-30,379,1099,1,8,852,82837,551.7272727272727,7530.636363636364,0.1271607266327236,7.864063272367771,153
P-136,7,101,3,1,1.14,3490,83471,0.9,6704,Completed,2016-08-06,913,1198,5,9,484,66439,498.57142857142856,9491.285714285714,0.0418109283463717,23.91719197707737,101
P-137,3,298,2,1,1.93,3004,13068,0.99,13940,Completed,2016-08-13,563,957,2,5,931,8194,1001.3333333333334,2731.333333333333,0.2298745026017753,4.350199733688416,108
P-138,12,215,1,1,1.85,5000,121923,0.88,6611,Completed,2012-08-20,678,841,4,10,807,72387,820.5,6032.25,0.0807558869122314,12.382998171846436,234
P-139,14,274,7,2,0.99,1087,143367,0.7,4751,Completed,2015-08-27,764,673,1,2,451,82914,77.64285714285714,5922.428571428572,0.0075819400559403,100.0,30
P-140,17,265,7,1,1.74,5000,177232,0.8,12680,Completed,2017-09-03,670,1026,4,9,671,67214,569.2352941176471,3953.764705882353,0.054600749300352,18.314766973235507,204
P-141,11,128,2,1,1.49,4579,16390,0.83,1422,Completed,2017-09-10,583,1122,6,11,815,97176,416.27272727272725,8834.181818181818,0.2793776693105552,3.5793841450098274,123
P-142,19,79,7,2,1.48,3848,111752,0.54,3415,Completed,2014-09-17,891,482,4,4,137,30777,202.52631578947367,1619.842105263158,0.0344333882167657,29.04158004158004,77
P-143,19,296,8,2,1.27,5000,156203,0.77,11642,Completed,2012-09-24,616,790,1,2,633,27183,357.8421052631579,1430.6842105263158,0.043526692829203,22.974408001176645,131
P-144,14,155,1,3,1.4,4331,99754,0.85,8457,Completed,2012-10-01,507,271,7,6,942,28445,309.35714285714283,2031.7857142857144,0.0434168053411392,23.03255599168784,106
P-145,9,100,9,2,1.28,5000,80969,0.58,14397,Completed,2015-10-08,848,462,2,14,591,68038,1103.6666666666667,7559.777777777777,0.1226765799256505,8.151515151515152,205
P-146,4,130,7,2,1.45,5000,151110,0.89,3546,Completed,2017-10-15,893,902,9,1,733,88201,1500.0,10000.0,0.058771755674674,17.014975791014525,200
P-147,5,182,3,3,1.55,5000,188399,0.79,9666,Completed,2016-10-22,566,1078,3,18,358,17198,1500.0,3439.6,0.0513378521117415,19.478804797353185,222
P-148,19,78,8,2,1.61,2215,82064,0.98,1730,Completed,2012-10-29,200,1086,8,7,955,22411,116.57894736842104,1179.5263157894738,0.0269911288750243,37.04920993227991,42
P-149,7,181,7,2,1.44,5000,26281,0.52,11127,Completed,2014-11-05,243,1141,8,1,392,51577,992.8571428571428,7368.142857142857,0.2644496023743389,3.781438848920864,156
P-150,19,187,8,2,1.67,5000,59189,0.63,8147,Completed,2017-11-12,938,774,3,1,485,16867,312.2631578947368,887.7368421052631,0.1002382199395157,9.976234619922469,117
P-151,19,233,6,2,0.97,1598,53511,0.8,10506,Completed,2014-11-19,297,1199,4,1,226,63501,84.10526315789474,3342.157894736842,0.0298630188185606,33.48623279098874,30
P-152,19,194,9,3,1.05,5000,127115,0.65,11626,Completed,2016-11-26,919,1091,2,4,188,15266,399.7894736842105,803.4736842105264,0.0597569130315069,16.73446550816219,136
P-153,4,123,5,2,1.78,2826,13605,0.86,5433,Completed,2016-12-03,464,211,4,4,243,40422,706.5,10000.0,0.2077177508269019,4.814225053078556,88
P-154,4,66,3,2,1.19,5000,105318,0.88,14795,Completed,2014-12-10,999,340,9,18,235,36208,1500.0,9052.0,0.0910290738525228,10.985501199541044,223
P-155,7,133,3,3,0.83,5000,137453,0.55,10055,Completed,2012-12-17,982,965,2,11,267,32213,988.0,4601.857142857143,0.0503153805300721,19.874638519375363,157
P-156,3,265,1,1,0.98,5000,24810,0.76,4440,Completed,2015-12-24,339,754,3,1,213,8367,1500.0,2789.0,0.3014913341394599,3.3168449197860963,191
P-157,3,118,8,3,1.07,5000,160394,0.75,6983,Completed,2014-12-31,680,216,4,10,210,80026,1500.0,10000.0,0.0452822424778981,22.08371196475285,157
P-158,4,83,2,1,1.95,2174,46869,0.68,703,Completed,2017-01-07,436,262,5,9,992,36362,543.5,9090.5,0.0463846038959653,21.558877644894203,90
P-159,14,55,3,3,1.49,5000,37955,0.97,660,Completed,2013-01-14,271,452,1,4,574,52588,603.5714285714286,3756.285714285714,0.2226320642866552,4.491715976331361,183
P-160,8,102,8,3,1.92,5000,66388,0.91,13179,Completed,2014-01-21,866,664,7,6,857,39285,1202.75,4910.625,0.1449358317768271,6.899605071710663,205
P-161,6,243,8,2,1.49,5000,15207,0.85,9460,Completed,2012-01-28,389,575,7,16,650,75755,1500.0,10000.0,0.5,1.6151885289431758,205
P-162,13,254,4,1,1.38,5000,164292,0.86,4248,Completed,2013-02-04,467,1003,9,2,885,72846,503.7692307692308,5603.538461538462,0.039861953107881,25.08657810352725,153
P-163,19,175,4,2,1.18,1589,27031,0.73,7218,Completed,2016-02-11,520,1180,4,18,91,37307,83.63157894736842,1963.5263157894733,0.0587843586992712,17.01132787916929,38
P-164,8,284,5,1,1.53,5000,85807,0.96,3081,Completed,2012-02-18,306,719,6,10,964,96167,634.75,10000.0,0.0591793210344144,16.89779440724695,129
P-165,7,92,6,3,0.97,5000,76312,0.85,1593,Completed,2013-02-25,431,1036,2,17,259,81280,1375.2857142857142,10000.0,0.1261531607086696,7.926872338215436,203
P-166,4,289,5,3,1.88,655,64766,0.86,5000,Completed,2012-03-03,241,289,4,13,790,20867,163.75,5216.75,0.0101133310687706,98.8793893129771,40
P-167,8,252,7,1,1.8,5000,148521,0.93,9299,Completed,2016-03-10,901,919,2,18,911,57523,1220.25,7190.375,0.0657280788575353,15.21419791026429,220
P-168,13,164,2,2,1.18,2458,94833,0.64,6210,Completed,2016-03-17,338,1003,5,13,324,85161,189.07692307692307,6550.846153846154,0.0259192475193234,38.58136696501221,70
P-169,18,160,7,2,1.94,5000,192771,0.9,10232,Completed,2012-03-24,814,995,7,17,328,7378,380.22222222222223,409.8888888888889,0.0355032655326786,28.166423144360024,143
P-170,18,298,7,2,1.79,5000,116041,0.6,3375,Completed,2013-03-31,882,829,1,5,300,85685,348.8333333333333,4760.277777777777,0.0541101851931644,18.48080904602644,130
P-171,3,200,1,2,1.6,5000,121185,0.67,3691,Completed,2015-04-07,472,1060,7,11,359,77958,1500.0,10000.0,0.0548252671535256,18.23976520168573,176
P-172,11,232,7,3,0.95,5000,182164,0.67,2337,Completed,2014-04-14,680,374,6,7,769,28926,505.7272727272728,2629.6363636363635,0.0305384159328956,32.745640841272696,113
P-173,8,129,5,3,1.37,4330,199743,0.99,1189,Completed,2017-04-21,615,275,6,10,882,99707,541.25,10000.0,0.0216778560450178,46.13002309468822,103
P-174,18,144,3,3,1.41,5000,15350,0.93,4259,Completed,2015-04-28,705,812,8,17,189,14180,530.3333333333334,787.7777777777778,0.5,1.6080033521893986,199
P-175,5,252,3,3,1.08,5000,105859,0.85,11641,Completed,2013-05-05,932,1125,8,15,841,93837,1500.0,10000.0,0.0881455521023247,11.34487193226878,210
P-176,6,167,4,3,0.9,5000,73487,0.86,14028,Completed,2015-05-12,924,862,6,18,595,37931,1193.1666666666667,6321.833333333333,0.0974185910433137,10.264981142617684,161
P-177,5,193,2,2,1.73,941,153694,0.78,2603,Completed,2017-05-19,623,599,3,19,870,25014,188.2,5002.8,0.0061225552070998,100.0,57
P-178,9,57,2,2,0.95,5000,128853,0.97,865,Completed,2015-05-26,606,981,5,2,953,97472,726.6666666666666,10000.0,0.0507555120951782,19.702293577981653,155
P-179,11,181,1,2,1.51,5000,58117,0.75,14510,Completed,2015-06-02,767,1169,2,4,579,80872,584.0909090909091,7352.0,0.1105528502847703,9.04544747081712,159
P-180,3,153,5,2,1.92,5000,194466,0.69,12267,Completed,2016-06-09,589,270,5,3,106,59502,1500.0,10000.0,0.0404080919029547,24.74751845253245,191
P-181,10,181,4,3,1.85,5000,106084,0.58,8592,Completed,2017-06-16,541,379,9,7,161,88736,512.8,8873.6,0.0483390520719429,20.68720748829953,124
P-182,9,233,2,3,1.13,5000,28782,0.89,13242,Completed,2017-06-23,813,323,1,18,54,6470,763.3333333333334,718.8888888888889,0.238690848446946,4.189519650655022,159
P-183,10,74,3,3,1.82,1448,33454,0.87,12891,Completed,2014-06-30,692,580,5,10,459,97395,144.8,9739.5,0.0432833144018652,23.103591160221,53
P-184,3,244,7,1,0.8,5000,72904,0.69,4672,Completed,2012-07-07,391,492,6,7,463,15953,1500.0,5317.666666666667,0.1190469658729287,8.400046088259016,196
P-185,13,145,7,2,0.82,5000,134936,0.51,13017,Completed,2015-07-14,698,996,7,8,231,39507,508.84615384615387,3039.0,0.049023240647418,20.39848828420257,135
P-186,12,244,4,2,1.52,959,151664,0.92,6533,Completed,2016-07-21,911,394,9,6,62,93969,79.91666666666667,7830.75,0.0063231881000105,100.0,39
P-187,5,204,5,3,1.24,5000,158245,0.51,2878,Completed,2015-07-28,432,1110,6,1,388,92493,1500.0,10000.0,0.0509842333091092,19.61390679226574,181
P-188,9,142,5,2,1.26,5000,169276,0.85,1705,Completed,2012-08-04,426,427,5,4,846,7523,571.7777777777778,835.8888888888889,0.0304000567121151,32.89467547609794,122
P-189,18,209,6,2,1.48,892,171668,0.99,5488,Completed,2016-08-11,570,630,7,14,308,87923,49.55555555555556,4884.611111111111,0.0051960761469813,100.0,30
P-190,18,227,9,3,1.03,2287,170396,0.72,12531,Completed,2016-08-18,338,1141,1,17,139,58190,127.05555555555556,3232.777777777778,0.0134216765651775,74.5063401836467,32
P-191,19,110,2,1,1.05,5000,127258,0.62,6169,Completed,2014-08-25,348,635,5,18,665,48761,414.42105263157896,2566.368421052632,0.061874302597872,16.161798323596646,173
P-192,4,171,5,1,1.38,1638,116668,0.85,3235,Completed,2015-09-01,314,986,2,11,940,32169,409.5,8042.25,0.0140398395446909,71.22588522588522,65
P-193,3,100,3,1,1.71,5000,197274,0.91,14862,Completed,2013-09-08,649,660,4,14,747,46641,1500.0,10000.0,0.026567109705283,37.640526617057816,148
P-194,18,196,4,3,1.54,5000,129184,0.77,12039,Completed,2013-09-15,262,817,7,9,299,23990,439.8888888888889,1332.7777777777778,0.061292420113946,16.315231118969436,164
P-195,14,70,6,2,1.16,5000,166822,0.98,10367,Completed,2014-09-22,303,220,5,15,304,30661,490.1428571428572,2190.0714285714284,0.0411336634256872,24.31098805013116,144
P-196,7,54,8,3,1.32,2954,21566,0.53,8990,Completed,2016-09-29,867,263,6,12,637,14419,422.0,2059.8571428571427,0.1369748678475378,7.300609343263372,67
P-197,7,259,1,3,1.0,4174,143262,0.75,1456,Completed,2013-10-06,472,364,2,10,947,15457,596.2857142857143,2208.1428571428573,0.0291354301908391,34.32247244849066,109
P-198,11,141,8,2,0.89,1877,43333,0.86,9806,Completed,2014-10-13,205,226,3,19,157,68600,170.63636363636363,6236.363636363636,0.0433157178132139,23.08630793819925,40
P-199,11,219,7,1,1.74,5000,126929,0.93,7123,Completed,2013-10-20,346,510,7,19,717,77102,654.6363636363636,7009.272727272727,0.0567325039982982,17.62657964171643,163
P-200,5,110,1,1,1.12,3097,94571,0.59,11197,Completed,2012-10-27,383,484,2,6,643,34085,619.4,6817.0,0.0327478825432743,30.53632547626736,102
P-201,18,71,2,3,1.01,641,125263,0.9,1974,Completed,2013-11-03,227,859,6,6,638,98064,35.611111111111114,5448.0,0.0051172333410504,100.0,30
P-202,18,198,3,1,1.63,3159,137661,0.78,4960,Completed,2017-11-10,749,480,5,8,534,51654,175.5,2869.6666666666665,0.0229476758123215,43.57739791073124,83
P-203,5,119,1,3,1.54,5000,30235,0.7,7502,Completed,2015-11-17,318,1037,1,1,307,7130,1019.2,1426.0,0.1685463866380023,5.933084772370487,136
P-204,3,50,9,3,1.56,5000,5159,0.57,14486,Completed,2015-11-24,492,1030,4,17,688,3042,1500.0,1014.0,0.5,0.5412863288217395,204
P-205,13,182,8,2,1.07,5000,148217,0.93,13138,Completed,2013-12-01,570,363,2,17,952,71134,473.9230769230769,5471.846153846154,0.0415674315361935,24.05729589352378,125
P-206,19,282,2,2,1.08,5000,167993,0.58,12418,Completed,2017-12-08,443,1097,4,15,331,43982,349.57894736842104,2314.842105263158,0.0395373616757841,25.292532369768143,144
P-207,10,61,9,2,1.06,5000,109859,0.65,12163,Completed,2012-12-15,779,1117,1,7,137,99422,612.6,9942.2,0.0557623863315704,17.933235390140386,126
P-208,6,139,7,3,1.01,5000,152309,0.65,6896,Completed,2016-12-22,925,423,2,19,253,66185,1500.0,10000.0,0.0609747290048519,16.40023689027673,195
P-209,8,95,9,2,1.59,5000,112507,0.94,3328,Completed,2016-12-29,417,983,8,3,65,34477,1121.5,4309.625,0.0797461491284986,12.53979045920642,191
P-210,10,83,6,1,1.82,923,144316,0.84,14692,Completed,2016-01-05,376,345,6,11,200,53709,92.3,5370.9,0.0063956872418858,100.0,43
P-211,5,226,6,1,1.67,5000,19743,0.9,3350,Completed,2015-01-12,498,1164,2,19,985,29716,1499.8,5943.2,0.3798308261155853,2.6327510334711293,181
P-212,18,127,4,3,1.75,4749,51101,0.63,13799,Completed,2017-01-19,875,1149,6,9,303,79137,263.8333333333333,4396.5,0.092933602082151,10.760370604337757,103
P-213,5,267,2,3,1.29,2250,126534,0.81,11198,Completed,2012-01-26,257,1067,9,10,237,37018,450.0,7403.6,0.0177817819716439,56.23733333333333,74
P-214,16,94,7,2,1.58,5000,89227,0.79,12462,Completed,2015-02-02,468,229,7,2,378,9061,328.5625,566.3125,0.0589171439138377,16.972988396423816,110
P-215,4,204,5,3,1.23,2467,192450,0.92,3464,Completed,2017-02-09,507,244,9,1,593,9609,616.75,2402.25,0.0128189140036373,78.00972841507904,70
P-216,5,122,6,3,1.43,4588,76126,0.95,5094,Completed,2015-02-16,769,986,5,16,832,36371,917.6,7274.2,0.0602685022200036,16.5924149956408,110
P-217,18,75,2,1,1.38,4678,61071,0.51,9641,Completed,2015-02-23,487,670,7,18,446,84021,259.8888888888889,4667.833333333333,0.0765993679487809,13.054938007695595,114
P-218,11,298,5,1,1.01,5000,79763,0.84,14782,Completed,2015-03-02,304,233,7,17,566,21805,753.5454545454545,1982.272727272728,0.1039203640785828,9.622753046205816,184
P-219,6,96,4,2,1.26,3446,148309,0.53,14834,Completed,2016-03-09,427,852,3,6,508,8857,574.3333333333334,1476.1666666666667,0.0232352723030969,43.03801508995937,95
P-220,3,170,9,3,1.96,5000,151721,0.77,13295,Completed,2013-03-16,446,626,7,14,379,12620,1500.0,4206.666666666667,0.0388476216212653,25.741601628775022,135
P-221,6,263,6,3,1.1,5000,173785,0.64,14115,Completed,2014-03-23,899,1029,1,15,869,9177,1396.6666666666667,1529.5,0.0482205023448513,20.738066825775658,181
P-222,3,288,2,1,0.96,5000,181481,0.65,7144,Completed,2017-03-30,693,1085,9,14,894,31111,1500.0,10000.0,0.0307194692557347,32.55264573991031,150
P-223,16,105,1,3,1.3,5000,184838,0.68,3350,Completed,2012-04-06,282,420,6,3,218,89578,483.125,5598.625,0.0418204048950973,23.91177231565329,170
P-224,18,143,5,1,1.75,2031,51154,0.81,665,Completed,2017-04-13,385,1067,5,19,742,85181,112.83333333333331,4732.277777777777,0.0397036399890526,25.186607582471687,56
P-225,10,156,9,2,1.5,3490,12016,0.67,12178,Completed,2017-04-20,451,733,7,12,415,90941,349.0,9094.1,0.2904460719041278,3.44297994269341,77
P-226,9,112,6,1,1.62,5000,184760,0.87,11201,Completed,2016-04-27,554,891,5,2,227,12826,850.5555555555555,1425.111111111111,0.0414321281662697,24.135858915741345,177
P-227,5,97,7,3,1.03,4993,94678,0.7,1419,Completed,2014-05-04,949,1147,5,3,704,14890,998.6,2978.0,0.052736644204567,18.96214700580813,111
P-228,19,110,5,2,1.54,5000,117056,0.53,8805,Completed,2013-05-11,895,566,7,18,411,83428,517.6315789473684,4390.9473684210525,0.0840196145434663,11.901982714794103,203
P-229,3,130,6,1,1.19,1433,59238,0.89,4004,Completed,2013-05-18,995,1131,7,1,809,59031,477.6666666666667,10000.0,0.0241905533610182,41.33845080251221,58
P-230,18,75,5,1,1.8,1960,63608,0.64,1491,Completed,2015-05-25,409,1040,3,6,688,76020,108.88888888888889,4223.333333333333,0.0308137341214941,32.453061224489794,55
P-231,14,85,9,2,1.56,3223,94081,0.72,6547,Completed,2015-06-01,808,942,3,5,824,6495,230.2142857142857,463.9285714285714,0.0342577140974266,29.1905057399938,67
P-232,16,50,6,2,1.04,785,167969,0.84,4339,Completed,2015-06-08,646,1114,3,1,89,29481,49.0625,1842.5625,0.0046734814162137,100.0,30
P-233,8,57,8,1,0.88,764,55961,0.67,1758,Completed,2017-06-15,659,749,6,19,973,12267,95.5,1533.375,0.0136523650399385,73.24738219895288,30
P-234,8,162,2,3,0.85,5000,180829,0.53,8109,Completed,2014-06-22,671,781,6,1,465,7743,914.5,967.875,0.0404581123602961,24.71692181519956,166
P-235,15,148,9,1,1.25,2262,31917,0.69,12118,Completed,2013-06-29,919,315,3,16,404,55800,150.8,3720.0,0.0708713224927154,14.110079575596815,48
P-236,10,229,5,2,1.12,540,158808,0.97,9206,Completed,2015-07-06,569,438,3,12,304,49773,54.0,4977.3,0.0034003324769533,100.0,30
P-237,4,256,7,1,1.58,5000,32990,0.82,14019,Completed,2014-07-13,691,534,8,8,192,58042,1500.0,10000.0,0.1917853895119733,5.214161529951004,155
P-238,3,96,1,2,1.4,5000,67551,0.84,5304,Completed,2013-07-20,336,640,8,16,801,50476,1500.0,10000.0,0.1296649938564936,7.712181755908209,216
P-239,17,176,5,2,1.12,1487,194233,0.82,11888,Completed,2012-07-27,566,347,7,1,789,93105,87.47058823529412,5476.764705882353,0.0076557536566906,100.0,35
P-240,3,105,2,3,0.98,5000,158512,0.6,14973,Completed,2013-08-03,383,208,4,4,902,29552,1500.0,9850.666666666666,0.0523872009690118,19.088631984585746,195
P-241,7,263,6,2,0.95,5000,171277,0.71,13126,Completed,2013-08-10,787,487,4,10,759,66242,1184.142857142857,9463.142857142857,0.0483952895018011,20.66316805404753,181
P-242,18,63,1,2,1.84,5000,85811,0.88,11276,Completed,2012-08-17,486,587,3,11,626,46772,345.3888888888889,2598.4444444444443,0.0724499190080525,13.80263792826122,147
P-243,6,267,3,3,1.09,3698,60103,0.55,567,Completed,2016-08-24,671,249,5,17,949,44730,616.3333333333334,7455.0,0.0615277107631898,16.252839372633858,96
P-244,5,77,5,2,1.58,5000,177699,0.64,10288,Completed,2014-08-31,574,1049,3,7,60,29948,1174.8,5989.6,0.0330558978947546,30.25178753830439,145
P-245,19,264,4,3,1.77,5000,111122,0.64,6160,Completed,2013-09-07,853,716,8,12,669,77311,278.42105263157896,4069.0,0.0476053346772016,21.006049149338374,113
P-246,19,127,3,3,1.54,5000,24008,0.72,4978,Completed,2012-09-14,948,1115,7,7,75,70093,404.3684210526316,3689.105263157895,0.3200183272242586,3.124821033450475,161
P-247,14,265,5,2,1.83,3024,37402,0.99,8710,Completed,2016-09-21,736,1054,3,12,470,70123,216.0,5008.785714285715,0.0808512913747927,12.368386243386244,77
P-248,16,179,8,2,1.27,5000,189456,0.53,11422,Completed,2012-09-28,710,837,9,15,712,17535,611.0625,1095.9375,0.0516056498606536,19.377723227984045,195
P-249,8,158,4,1,1.95,2979,141865,0.76,4021,Completed,2014-10-05,778,786,5,2,270,67490,372.375,8436.25,0.0209988369224262,47.621685129238,95
P-250,5,203,1,3,0.96,5000,141643,0.59,14909,Completed,2017-10-12,449,876,9,14,902,47562,1130.8,9512.4,0.0399172567652478,25.051821719136893,142
P-251,11,63,7,1,0.92,1278,152281,0.99,1072,Completed,2012-10-19,709,477,7,13,545,90080,116.1818181818182,8189.090909090909,0.0083923798766753,100.0,37
P-252,7,236,8,2,1.59,1992,118550,0.56,7582,Completed,2012-10-26,829,1153,7,4,286,59535,284.57142857142856,8505.0,0.0168030366933783,59.51305220883534,56
P-253,19,105,3,1,1.93,1160,179220,0.7,8332,Completed,2014-11-02,272,1035,6,14,286,99991,61.05263157894737,5262.684210526316,0.0064724919093851,100.0,45
P-254,16,164,6,3,1.77,1848,96218,0.87,5895,Completed,2016-11-09,481,1188,2,14,268,42269,115.5,2641.8125,0.0192063854995946,52.06601731601732,42
P-255,5,56,2,1,0.89,5000,138296,0.85,2758,Completed,2014-11-16,559,499,9,16,536,81674,1500.0,10000.0,0.0722435934517267,13.84205785206686,235
P-256,3,52,7,3,1.14,5000,184767,0.71,11594,Completed,2017-11-23,209,1001,6,7,985,43462,1500.0,10000.0,0.0451974649152716,22.125134714405466,182
P-257,3,160,8,2,1.92,5000,125779,0.67,6539,Completed,2013-11-30,410,788,8,19,510,4127,1500.0,1375.6666666666667,0.0608686664705555,16.428814002089865,178
P-258,5,200,6,2,1.1,2544,134714,0.7,1150,Completed,2013-12-07,351,1009,1,2,712,24147,508.8,4829.4,0.0188844515046691,52.95361635220126,71
P-259,12,287,6,3,1.74,5000,37441,0.63,6241,Completed,2012-12-14,204,848,5,10,684,46528,655.6666666666666,3877.3333333333335,0.2101439598301327,4.758642602948653,168
P-260,5,156,5,2,1.79,4016,175201,0.6,13781,Completed,2015-12-21,394,817,1,18,193,78095,803.2,10000.0,0.0229222435945,43.62574701195219,110
P-261,10,288,8,2,1.39,5000,67368,0.74,7338,Completed,2013-12-28,482,806,8,17,238,69931,975.0,6993.1,0.144727467046669,6.909538461538461,204
P-262,16,286,1,2,1.26,5000,97122,0.63,3087,Completed,2017-01-04,663,334,8,5,304,91925,604.25,5745.3125,0.0995449022878441,10.045717832023168,213
P-263,17,67,4,2,1.34,5000,49760,0.64,8376,Completed,2012-01-11,312,779,1,12,117,67381,298.6470588235294,3963.5882352941176,0.1020297427652733,9.801063620248176,112
P-264,4,299,4,3,1.07,1227,28478,0.83,3762,Completed,2017-01-18,470,346,9,6,665,64749,306.75,10000.0,0.0430858908631224,23.20945395273024,47
P-265,12,87,3,1,1.87,5000,132881,0.98,1838,Completed,2014-01-25,362,689,2,9,385,39672,664.0,3306.0,0.0599634259224418,16.676832329317268,191
P-266,4,276,3,1,1.34,842,76854,0.8,5496,Completed,2015-02-01,659,677,9,1,720,14731,210.5,3682.75,0.0109558383428318,91.27553444180522,55
P-267,19,164,4,2,1.86,1947,99230,0.54,12326,Completed,2012-02-08,304,358,1,15,870,55512,102.47368421052632,2921.684210526316,0.0196210823339715,50.96558808423215,52
P-268,10,64,1,1,0.93,5000,90716,0.54,6280,Completed,2017-02-15,892,583,9,6,923,99658,708.1,9965.8,0.0780567926275409,12.811184860895354,172
P-269,3,241,2,1,1.99,5000,148252,0.98,3327,Completed,2012-02-22,755,362,4,19,458,52024,1500.0,10000.0,0.0459825162561044,21.747396215344,185
P-270,11,266,9,2,1.33,1026,103538,0.65,14373,Completed,2012-03-01,481,640,9,18,349,4832,93.27272727272728,439.27272727272725,0.0099094052425196,100.0,30
P-271,13,168,2,2,0.86,5000,20372,0.55,14711,Completed,2016-03-08,886,1052,7,6,957,33332,557.5384615384615,2564.0,0.3557824464951895,2.8107064017660046,163
P-272,18,278,5,1,0.85,905,34796,0.8,14569,Completed,2017-03-15,361,388,6,13,651,13467,50.27777777777778,748.1666666666666,0.0260087366363949,38.44861878453039,30
P-273,9,77,9,3,1.7,5000,194344,0.81,5732,Completed,2013-03-22,550,614,5,1,406,42025,942.8888888888888,4669.444444444444,0.0436648417239534,22.90172048079189,176
P-274,12,251,9,2,1.59,4240,103826,0.82,2717,Completed,2013-03-29,633,538,9,13,305,14107,353.3333333333333,1175.5833333333333,0.0408375551403309,24.4872641509434,90
P-275,5,88,8,3,1.76,2346,125592,0.63,4039,Completed,2013-04-05,339,806,2,7,402,78994,469.2,10000.0,0.0186795337282629,53.53452685421995,63
P-276,15,234,1,1,0.93,1978,98635,0.51,8345,Completed,2012-04-12,670,380,2,15,781,95202,131.86666666666667,6346.8,0.0200537334617529,49.866026289180994,63
P-277,9,66,1,2,0.84,1271,116022,0.98,14732,Completed,2012-04-19,331,487,9,12,570,44481,141.22222222222223,4942.333333333333,0.0109548189136543,91.2840283241542,52
P-278,6,280,9,3,1.41,5000,59040,0.63,9729,Completed,2015-04-26,286,1033,3,1,573,3581,1004.1666666666666,596.8333333333334,0.1020494579945799,9.799170124481329,128
P-279,15,135,8,2,1.27,5000,80357,0.84,14526,Completed,2017-05-03,887,386,8,15,886,76118,618.0,5074.533333333334,0.115360205084809,8.668500539374326,186
P-280,3,267,9,1,1.35,693,83356,0.85,4883,Completed,2016-05-10,382,1083,9,4,999,52638,231.0,10000.0,0.0083137386630836,100.0,35
P-281,10,175,7,3,1.99,2507,21211,0.81,12670,Completed,2014-05-17,567,337,8,13,805,9418,250.7,941.8,0.1181933902220545,8.460710011966494,64
P-282,16,93,3,1,1.96,1685,110426,0.66,3461,Completed,2017-05-24,328,329,4,5,743,94627,105.3125,5914.1875,0.0152590875337329,65.5347181008902,60
P-283,18,74,3,1,1.93,2894,10842,0.64,3726,Completed,2015-05-31,445,393,1,2,333,30113,160.77777777777777,1672.9444444444443,0.2669249216011806,3.746371803731859,81
P-284,16,194,2,2,1.74,5000,199187,0.8,14378,Completed,2016-06-07,800,515,4,1,361,85363,612.625,5335.1875,0.0492100388077535,20.321056927157723,218
P-285,14,62,5,3,1.23,4505,71852,0.93,7337,Completed,2014-06-14,777,1183,9,16,148,64044,321.7857142857143,4574.571428571428,0.0626983243333518,15.949389567147614,96
P-286,17,261,3,1,1.29,5000,130737,0.97,14533,Completed,2013-06-21,869,984,2,6,246,80955,466.4117647058824,4762.058823529412,0.0606484774776842,16.488460083238746,176
P-287,4,74,6,1,1.46,2761,50968,0.55,7531,Completed,2017-06-28,577,1063,3,16,531,62030,690.25,10000.0,0.0541712447025584,18.45997826874321,85
P-288,4,117,2,3,1.8,4236,22508,0.58,9790,Completed,2016-07-05,348,343,8,14,927,12814,1059.0,3203.5,0.1881997511995735,5.313503305004722,120
P-289,19,187,3,1,0.88,5000,158077,0.97,11016,Completed,2014-07-12,632,215,6,3,275,11024,379.7894736842105,580.2105263157895,0.0456486395870366,21.906457871396896,155
P-290,12,116,5,1,1.31,5000,59575,0.87,9631,Completed,2017-07-19,827,501,8,15,894,64288,447.9166666666667,5357.333333333333,0.0902224087284934,11.08372093023256,127
P-291,8,282,1,3,0.9,5000,155043,0.94,4216,Completed,2012-07-26,925,622,7,3,664,58836,1177.625,7354.5,0.0607637881103951,16.457170151788556,212
P-292,17,158,1,3,1.42,4878,161671,0.6,3914,Completed,2013-08-02,668,444,5,2,667,8435,286.94117647058823,496.1764705882353,0.0301723871318913,33.14288642886429,113
P-293,13,195,9,3,1.88,5000,71914,0.79,1948,Completed,2013-08-09,645,1126,9,1,414,68084,639.6153846153846,5237.2307692307695,0.1156242178157243,8.648707155742633,168
P-294,7,160,7,3,1.74,3951,72055,0.85,1070,Completed,2014-08-16,680,306,4,9,417,71601,564.4285714285714,10000.0,0.0548331135937825,18.237155150594788,94
P-295,3,277,1,2,1.07,5000,92697,0.84,3404,Completed,2014-08-23,493,287,6,9,619,89416,1500.0,10000.0,0.0875540740261281,11.421513060620995,200
P-296,10,160,8,3,1.97,3300,111239,0.7,13788,Completed,2013-08-30,964,328,2,7,639,4407,330.0,440.7,0.0296658546013538,33.70878787878788,76
P-297,14,263,3,2,1.6,5000,128106,0.51,13993,Completed,2015-09-06,342,1106,2,3,124,99943,630.9285714285714,7138.785714285715,0.0689507126910527,14.503113325031132,197
P-298,14,83,8,2,0.81,5000,10355,0.79,3005,Completed,2014-09-13,449,1086,2,18,91,33940,422.1428571428572,2424.285714285714,0.5,1.752115059221658,116
P-299,7,160,5,2,1.11,1955,59120,0.63,1417,Completed,2014-09-20,501,540,7,11,471,6666,279.2857142857143,952.2857142857144,0.0330683355886332,30.240409207161125,59
P-300,9,57,1,1,1.11,5000,43342,0.73,10566,Completed,2013-09-27,224,203,2,7,885,38122,821.3333333333334,4235.777777777777,0.1705505052835586,5.863365800865801,182
P-301,6,217,7,2,0.88,5000,7257,0.98,13620,Completed,2014-10-04,988,526,2,9,230,26092,1051.3333333333333,4348.666666666667,0.5,1.150443880786303,139
P-302,8,162,5,2,1.95,5000,32364,0.7,7482,Completed,2017-10-11,269,609,9,1,594,76645,912.0,9580.625,0.2254356692621431,4.435855263157895,173
P-303,15,285,6,1,1.37,5000,161044,0.92,7927,Completed,2012-10-18,824,1078,7,14,120,27505,353.06666666666666,1833.6666666666667,0.0328854226174213,30.408610271903324,119
P-304,17,132,6,1,1.87,5000,116715,0.59,6836,Completed,2013-10-25,311,505,3,6,617,37713,329.0,2218.4117647058824,0.0479201473675191,20.86804934739853,127
P-305,5,91,8,1,1.19,1825,31654,0.84,2178,Completed,2013-11-01,563,1107,3,7,154,55387,365.0,10000.0,0.0576546408036899,17.344657534246576,56
P-306,10,218,9,3,0.95,5000,86423,0.99,1115,Completed,2012-11-08,502,806,7,10,249,44169,547.6,4416.9,0.0633627622276477,15.782140248356464,107
P-307,18,150,2,1,1.37,5000,34320,0.55,13193,Completed,2012-11-15,670,920,5,7,150,74282,550.2777777777778,4126.777777777777,0.2886072261072261,3.464916708732963,218
P-308,15,55,9,1,0.94,1659,25808,0.5,10441,Completed,2016-11-22,290,424,6,2,817,78511,110.6,5234.066666666667,0.0642823930564166,15.556359252561784,33
P-309,12,229,9,2,1.38,5000,57389,0.72,12517,Completed,2013-11-29,729,1170,8,4,356,52742,429.1666666666667,4395.166666666667,0.0897384516196483,11.143495145631068,106
P-310,19,75,7,1,1.9,5000,123581,0.55,7586,Completed,2012-12-06,860,547,9,17,635,41522,288.7894736842105,2185.368421052632,0.0444000291306916,22.522507745580462,119
P-311,7,113,1,3,1.42,5000,132927,0.87,12880,Completed,2015-12-13,938,1191,1,1,732,82132,742.4285714285714,10000.0,0.0390966470318295,25.57764094670002,134
P-312,11,275,7,1,1.54,840,39773,0.96,11169,Completed,2013-12-20,925,520,3,10,426,4880,76.36363636363636,443.6363636363636,0.0211198551781359,47.34880952380952,34
P-313,14,236,5,3,0.99,4328,187240,0.72,5249,Completed,2012-12-27,862,758,7,19,704,44454,309.1428571428572,3175.285714285714,0.0231147190771202,43.26247689463956,90
P-314,3,233,6,1,0.85,2468,163819,0.63,4005,Completed,2014-01-03,391,1187,6,15,727,56711,822.6666666666666,10000.0,0.0150654075534583,66.37722852512155,75
P-315,3,108,7,1,0.93,1203,81396,0.72,12167,Completed,2016-01-10,751,380,7,10,448,44539,401.0,10000.0,0.0147795960489458,67.66084788029926,47
P-316,17,158,5,1,1.52,5000,112692,0.86,5029,Completed,2017-01-17,441,817,8,19,822,69321,351.88235294117646,4077.705882352941,0.0530827387924608,18.83851554663992,134
P-317,4,247,7,1,0.91,5000,62505,0.5,1635,Completed,2015-01-24,337,910,6,12,270,88985,1500.0,10000.0,0.110007199424046,9.090314136125654,159
P-318,18,278,9,3,1.25,2300,90896,0.79,12692,Completed,2015-01-31,544,585,3,16,644,15799,127.77777777777776,877.7222222222222,0.0253036437246963,39.52,34
P-319,10,170,3,3,1.46,5000,23135,0.81,9066,Completed,2013-02-07,379,817,2,9,231,61102,596.3,6110.2,0.257748000864491,3.879758510816703,139
P-320,15,82,8,2,1.27,5000,95887,0.82,7726,Completed,2014-02-14,911,991,7,15,356,51726,360.8,3448.4,0.0564414362739474,17.71747967479675,109
P-321,3,230,2,3,1.0,5000,127118,0.62,5662,Completed,2014-02-21,702,971,1,17,571,49784,1500.0,10000.0,0.0404978051888796,24.6926961926962,132
P-322,18,199,7,1,1.13,1355,52377,0.86,706,Completed,2013-02-28,402,307,3,14,445,44333,75.27777777777777,2462.9444444444443,0.0258701338373713,38.65461254612546,30
P-323,9,70,2,2,1.91,3366,159626,0.55,5375,Completed,2013-03-07,772,730,4,18,53,41828,374.0,4647.555555555556,0.0210867903724957,47.42305407011289,101
P-324,7,247,4,2,1.61,682,67491,0.6,1819,Completed,2015-03-14,391,609,1,2,912,70526,97.42857142857144,10000.0,0.0101050510438428,98.96041055718474,42
P-325,5,119,7,2,1.4,3612,191693,0.94,1641,Completed,2012-03-21,204,1170,5,4,963,55362,722.4,10000.0,0.0188426285779866,53.07115171650055,92
P-326,14,296,3,1,0.82,5000,63283,0.87,5127,Completed,2012-03-28,436,495,3,18,897,54997,440.7142857142857,3928.357142857143,0.0974985383120269,10.256564019448946,141
P-327,18,161,2,3,1.99,4992,21923,0.51,7889,Completed,2015-04-04,892,1017,2,7,853,51341,277.3333333333333,2852.277777777778,0.2277060621265337,4.391626602564102,116
P-328,7,53,7,1,1.61,5000,52591,0.62,3190,Completed,2013-04-11,510,370,3,13,330,20073,903.2857142857144,2867.5714285714284,0.1202296970964613,8.317412620591492,151
P-329,16,143,1,2,1.18,2017,67261,0.61,7823,Completed,2015-04-18,748,530,8,15,264,15549,126.0625,971.8125,0.0299876600110019,33.34705007436787,60
P-330,7,124,8,1,1.86,5000,59336,0.64,3755,Completed,2014-04-25,255,692,6,1,659,84795,786.0,10000.0,0.0927261696103546,10.784442021083242,134
P-331,17,239,3,1,1.11,1856,79083,0.62,8781,Completed,2013-05-02,642,394,7,11,469,57920,109.17647058823528,3407.058823529412,0.0234690135680234,42.609375,53
P-332,19,111,2,3,1.45,4129,65948,0.53,5713,Completed,2014-05-09,436,211,6,10,150,86326,217.31578947368425,4543.473684210527,0.0626099351003821,15.971906030515864,92
P-333,16,143,3,3,1.56,4128,169074,0.73,4608,Completed,2012-05-16,396,394,6,5,570,76515,258.0,4782.1875,0.0244153447602824,40.957848837209305,95
P-334,7,144,5,2,1.07,5000,31672,0.87,3520,Completed,2014-05-23,784,689,3,16,622,21316,1244.2857142857142,3045.1428571428573,0.2750063147259409,3.6362801377726752,194
P-335,14,201,8,1,1.97,5000,9213,0.8,2357,Completed,2015-05-30,770,994,8,11,358,27183,473.7142857142857,1941.642857142857,0.5,1.389173703256936,147
P-336,18,104,7,1,1.7,5000,146365,0.84,9496,Completed,2017-06-06,951,1080,7,6,707,94860,545.7777777777778,5270.0,0.0671198715539917,14.898717426710098,205
P-337,18,186,7,3,1.47,5000,191932,0.54,9636,Completed,2015-06-13,713,381,7,9,988,25624,393.77777777777777,1423.5555555555557,0.0369297459516912,27.07844243792325,138
P-338,9,296,7,1,1.02,3811,67507,0.98,3289,Completed,2014-06-20,648,1161,6,13,980,63515,423.44444444444446,7057.222222222223,0.0564534048320914,17.713723432170035,91
P-339,6,180,8,1,0.86,5000,62134,0.92,14645,Completed,2015-06-27,559,1016,5,8,559,86781,1091.3333333333333,10000.0,0.1053851353526249,9.489004276114844,146
P-340,3,292,1,1,1.18,5000,138172,0.9,4375,Completed,2014-07-04,899,855,8,14,112,47705,1500.0,10000.0,0.0488232058593636,20.48206344500445,179
P-341,7,80,4,3,1.7,1487,198069,0.91,8105,Completed,2015-07-11,229,1097,5,1,682,90326,212.42857142857144,10000.0,0.00750748476541,100.0,54
P-342,12,89,6,2,1.12,3821,33172,0.97,10302,Completed,2013-07-18,978,515,9,17,275,27756,318.4166666666667,2313.0,0.1151875075364765,8.68149699031667,86
P-343,7,278,9,2,1.45,5000,25132,0.77,8635,Completed,2016-07-25,307,893,9,5,154,61390,730.7142857142857,8770.0,0.20352538596212,4.913391984359726,114
P-344,6,85,2,1,1.67,5000,23199,0.6,11615,Completed,2014-08-01,801,229,1,2,821,69369,1477.5,10000.0,0.3821285400232768,2.616920473773266,219
P-345,4,201,1,2,0.93,4241,41609,0.81,6555,Completed,2013-08-08,916,795,6,9,910,71821,1060.25,10000.0,0.1019250642889759,9.811129450601271,120
P-346,12,272,2,3,1.62,3552,179037,0.87,4382,Completed,2017-08-15,644,877,7,4,474,10589,296.0,882.4166666666666,0.0198394745220261,50.404560810810814,93
P-347,3,55,7,3,0.91,5000,144088,0.87,11913,Completed,2016-08-22,637,995,3,17,304,15116,1500.0,5038.666666666667,0.0490949975015268,20.368674017528978,155
P-348,7,115,3,2,1.96,1226,175851,0.76,7675,Completed,2015-08-29,931,992,7,17,478,74181,175.14285714285714,10000.0,0.0069718113630289,100.0,59
P-349,15,261,2,2,1.39,4260,36881,0.53,13840,Completed,2015-09-05,805,295,7,18,483,45786,284.0,3052.4,0.1155066294297876,8.657511737089202,105
P-350,6,269,7,1,0.98,5000,29472,0.69,13083,Completed,2016-09-12,656,580,2,16,256,95686,1051.0,10000.0,0.2139657980456026,4.673644148430067,145
P-351,18,124,2,2,1.21,2375,187885,0.96,7629,Completed,2014-09-19,814,977,7,8,77,77425,131.94444444444446,4301.388888888889,0.0126407110732629,79.10947368421053,61
P-352,18,53,3,1,1.3,5000,172093,0.79,5521,Completed,2014-09-26,934,643,1,11,731,31286,416.27777777777777,1738.111111111111,0.0435404112892447,22.96716935806753,166
P-353,4,128,7,1,1.71,4533,59131,0.77,5235,Completed,2013-10-03,897,497,5,18,385,16994,1133.25,4248.5,0.0766602966295175,13.044562100154424,120
P-354,19,183,4,3,1.69,5000,160159,0.63,2887,Completed,2012-10-10,895,1007,9,10,637,91198,312.7894736842105,4799.894736842105,0.037106875042926,26.949183913848223,125
P-355,14,167,1,3,1.53,1489,17828,0.68,13415,Completed,2014-10-17,694,936,7,13,677,27639,106.35714285714286,1974.2142857142856,0.0835203051379852,11.97313633310947,51
P-356,5,162,5,3,0.93,4244,197682,0.95,7082,Completed,2012-10-24,873,1044,7,17,118,18205,848.8,3641.0,0.0214688236662923,46.57917059377945,101
P-357,3,143,9,3,0.98,5000,101664,0.83,13955,Completed,2017-10-31,446,560,2,18,915,57677,1500.0,10000.0,0.0896187440982058,11.158379980243662,190
P-358,3,297,8,2,0.91,1093,137473,0.89,9633,Completed,2015-11-07,742,573,8,10,795,33930,364.3333333333333,10000.0,0.0079506521280542,100.0,37
P-359,13,279,9,3,1.49,2274,20193,0.73,13617,Completed,2013-11-14,763,753,3,16,562,74313,174.92307692307693,5716.384615384615,0.1126132818303372,8.879947229551451,43
P-360,7,228,9,2,1.85,1435,180936,0.82,6366,Completed,2012-11-21,787,502,8,5,216,94851,205.0,10000.0,0.0079309811203961,100.0,44
P-361,14,111,7,3,1.32,4308,156379,0.62,3066,Completed,2017-11-28,638,620,3,13,913,93509,307.7142857142857,6679.214285714285,0.0275484559947307,36.29967502321263,87
P-362,5,234,4,2,0.99,831,107518,0.85,1475,Completed,2014-12-05,477,445,7,18,779,19316,166.2,3863.2,0.0077289384103126,100.0,42
P-363,3,243,5,1,1.47,5000,24611,0.71,7712,Completed,2015-12-12,751,919,2,17,834,28304,1500.0,9434.666666666666,0.3422047052131161,2.9222274994063167,203
P-364,3,128,1,2,1.77,3202,179863,0.72,9646,Completed,2016-12-19,812,436,4,9,417,97058,1067.3333333333333,10000.0,0.0178024385226533,56.17207995003123,109
P-365,10,252,1,2,1.69,5000,148022,0.82,1762,Completed,2017-12-26,310,733,6,14,300,88876,638.9,8887.6,0.0431625028711948,23.16825794334012,161
P-366,12,185,3,3,1.86,5000,81240,0.97,5547,Completed,2013-01-02,584,384,9,17,908,86366,462.8333333333333,7197.166666666667,0.0683653372722796,14.62729564277998,132
P-367,13,75,8,2,1.13,4368,7745,0.53,9635,Completed,2016-01-09,960,667,5,4,905,14403,336.0,1107.923076923077,0.5,1.7731227106227103,90
P-368,14,228,2,1,1.03,4700,60243,0.91,10894,Completed,2015-01-16,390,953,9,18,980,81052,335.7142857142857,5789.428571428572,0.0780173630131301,12.817659574468085,117
P-369,15,222,4,1,1.86,701,8866,0.65,13992,Completed,2015-01-23,689,562,5,15,735,85627,46.73333333333333,5708.466666666666,0.0790660951951274,12.647646219686164,38
P-370,14,93,2,3,1.59,2997,168317,0.72,7882,Completed,2017-01-30,893,482,8,11,219,74495,214.07142857142856,5321.071428571428,0.0178056880766648,56.16182849516183,78
P-371,16,182,5,1,1.17,2342,180796,0.51,6731,Completed,2012-02-06,625,752,1,12,807,32932,146.375,2058.25,0.0129538264120887,77.19726729291204,59
P-372,4,119,9,2,1.69,5000,133681,0.65,3827,Completed,2017-02-13,604,535,7,9,984,97090,1500.0,10000.0,0.0718202287535251,13.923653786063952,210
P-373,5,203,1,1,1.78,5000,76354,0.75,6130,Completed,2012-02-20,534,361,4,13,139,37701,1031.6,7540.2,0.0675537627367263,14.803024428072897,150
P-374,19,167,5,3,1.54,5000,56374,0.53,13884,Completed,2012-02-27,408,359,5,15,610,4385,423.3684210526316,230.7894736842105,0.1426898925036364,7.008204873197414,162
P-375,10,117,9,2,1.63,5000,119397,0.75,12966,Completed,2017-03-05,221,673,6,15,495,58241,821.8,5824.1,0.0688292000636531,14.528717449501094,173
P-376,12,68,1,3,1.25,1270,129577,0.96,2759,Completed,2015-03-12,877,800,5,5,343,11367,105.83333333333331,947.25,0.0098011221127206,100.0,46
P-377,4,261,9,2,1.45,3655,166188,0.55,10520,Completed,2016-03-19,810,521,1,19,968,66030,913.75,10000.0,0.021993164368065,45.46867305061559,89
P-378,11,274,8,1,1.43,2128,86029,0.88,1757,Completed,2016-03-26,407,211,9,14,199,47505,193.45454545454547,4318.636363636364,0.024735844889514,40.42716165413534,56
P-379,9,69,4,3,1.82,886,98574,0.7,964,Completed,2013-04-02,207,623,2,17,181,34332,98.44444444444444,3814.6666666666665,0.0089881713230669,100.0,40
P-380,6,162,5,3,1.81,5000,156519,0.83,14562,Completed,2013-04-09,901,272,9,18,482,86178,1088.5,10000.0,0.0417265635481954,23.965548920532843,154
P-381,15,189,5,2,1.8,5000,35431,0.63,3794,Completed,2014-04-16,886,787,2,3,108,77325,462.6,5155.0,0.195845446078293,5.106067156650815,154
P-382,13,96,6,3,0.81,5000,153980,0.58,7274,Completed,2012-04-23,984,1057,9,2,885,36268,530.8461538461538,2789.846153846154,0.0448175087673723,22.312708303144472,138
P-383,6,50,7,2,1.7,4508,34336,0.58,7931,Completed,2013-04-30,728,400,6,1,248,87486,751.3333333333334,10000.0,0.1312907735321528,7.616681455190772,112
P-384,6,139,8,2,1.71,2966,45992,0.54,1730,Completed,2013-05-07,801,721,9,10,264,26563,494.3333333333333,4427.166666666667,0.0644894764306836,15.506405933917735,78
P-385,12,191,8,2,1.61,2782,60350,0.59,11346,Completed,2012-05-14,852,1063,6,19,947,37404,231.8333333333333,3117.0,0.0460977630488815,21.69302659956865,64
P-386,7,113,2,2,1.71,2356,74561,0.83,9576,Completed,2016-05-21,856,704,6,17,610,56182,336.57142857142856,8026.0,0.0315982886495621,31.64728353140917,82
P-387,11,87,9,1,1.81,5000,56955,0.94,4305,Completed,2012-05-28,365,937,2,12,521,33991,770.9090909090909,3090.090909090909,0.1488894741462558,6.716391509433962,184
P-388,5,86,7,2,1.36,2498,66240,0.91,6919,Completed,2016-06-04,695,887,8,1,793,48663,499.6,9732.6,0.0377113526570048,26.517213771016813,70
P-389,19,175,4,3,1.4,5000,156165,0.84,14120,Completed,2012-06-11,789,987,3,12,296,66886,314.5263157894737,3520.315789473684,0.0382672173662472,26.1320281124498,123
P-390,5,188,4,1,0.95,5000,142227,0.56,6250,Completed,2016-06-18,628,238,7,17,431,84848,1500.0,10000.0,0.0698039050250655,14.325846091861402,228
P-391,18,149,8,3,1.26,5000,51607,0.64,13732,Completed,2016-06-25,973,259,5,3,288,25127,287.1666666666667,1395.9444444444443,0.1001608308950336,9.98394273553879,94
P-392,6,126,4,1,1.57,5000,169559,0.65,4356,Completed,2016-07-02,362,777,3,11,976,58692,1500.0,9782.0,0.0580446924079523,17.228104043893516,231
P-393,19,284,6,2,1.74,4818,191740,0.62,3635,Completed,2017-07-09,565,520,1,17,416,95389,253.57894736842104,5020.473684210527,0.0251277771982893,39.79659609796596,102
P-394,9,52,5,1,1.06,5000,157035,0.76,7453,Completed,2015-07-16,725,634,8,3,217,38500,840.4444444444445,4277.777777777777,0.0481676059477186,20.76084082496034,173
P-395,7,210,3,1,0.97,5000,186196,0.77,9616,Completed,2012-07-23,438,835,3,8,609,34785,1135.142857142857,4969.285714285715,0.0426754602676749,23.43267052605084,189
P-396,14,183,2,3,1.6,1931,57870,0.68,6534,Completed,2015-07-30,271,875,2,4,100,85146,137.92857142857142,6081.857142857143,0.0333678935545187,29.968928016571724,57
P-397,19,227,9,3,0.8,5000,192619,0.68,5089,Completed,2013-08-06,644,607,1,7,860,90126,322.3157894736842,4743.473684210527,0.0317933329526163,31.45313520574788,104
P-398,15,297,9,2,1.01,5000,69110,0.91,2046,Completed,2017-08-13,854,1122,4,14,659,95979,530.7333333333333,6398.6,0.1151931703082043,8.681070217309383,154
P-399,5,59,1,1,0.83,2319,189626,0.89,6565,Completed,2016-08-20,708,585,8,14,777,48997,463.8,9799.4,0.0122293356396274,81.77059077188443,84
P-400,11,54,3,1,1.0,1630,157008,0.65,1594,Completed,2013-08-27,994,870,3,4,738,8170,148.1818181818182,742.7272727272727,0.0103816366045042,96.32392638036808,57
P-401,19,200,8,1,1.02,5000,121895,0.96,2911,Completed,2017-09-03,468,768,1,16,429,14303,371.7368421052632,752.7894736842105,0.0579433118667705,17.25824720373779,138
P-402,19,187,6,2,1.27,3158,9426,0.98,3117,Completed,2015-09-10,952,277,4,1,523,72743,166.21052631578948,3828.578947368421,0.3350307659664757,2.9848005066497785,64
P-403,18,221,5,2,1.28,4000,32606,0.66,14613,Completed,2017-09-17,614,393,9,17,129,78852,222.22222222222223,4380.666666666667,0.1226768079494571,8.1515,85
P-404,15,179,5,2,1.85,5000,183904,0.68,9454,Completed,2012-09-24,444,484,1,10,746,36187,604.4,2412.4666666666667,0.0492974595441099,20.28502095742333,197
P-405,19,62,6,2,1.41,2620,33151,0.75,11015,Completed,2015-10-01,874,726,2,16,416,66034,137.89473684210526,3475.4736842105262,0.079032306717746,12.653053435114504,55
P-406,6,217,7,2,1.67,4520,16308,0.97,4645,Completed,2013-10-08,259,723,9,16,510,72776,753.3333333333334,10000.0,0.2771645818003433,3.607964601769912,112
P-407,14,179,1,3,0.92,3759,198594,0.94,3275,Completed,2015-10-15,205,812,2,8,960,2893,268.5,206.6428571428572,0.0189280642919725,52.8316041500399,90
P-408,11,133,9,1,1.07,2323,181743,0.55,13693,Completed,2012-10-22,908,355,3,7,588,14753,211.1818181818182,1341.1818181818182,0.0127817852682084,78.23633232888507,53
P-409,14,114,3,1,1.64,1974,95306,0.7,13351,Completed,2015-10-29,769,539,7,6,501,39090,141.0,2792.1428571428573,0.0207122321784567,48.2806484295846,65
P-410,11,112,4,1,0.86,2742,111984,0.78,13570,Completed,2014-11-05,606,324,3,16,513,65922,249.27272727272728,5992.909090909091,0.0244856408058294,40.840262582056894,74
P-411,9,150,1,1,1.38,3743,7204,0.75,7128,Completed,2013-11-12,416,1070,9,16,527,77768,415.8888888888889,8640.888888888889,0.5,1.9246593641464067,112
P-412,16,122,3,1,1.52,5000,97769,0.6,3655,Completed,2012-11-19,225,479,6,7,975,60412,468.125,3775.75,0.0766091501396148,13.053271028037384,172
P-413,17,66,2,1,1.52,5000,92265,0.93,4470,Completed,2012-11-26,204,1116,3,9,469,57030,332.94117647058823,3354.705882352941,0.0613450387470871,16.301236749116608,136
P-414,18,58,2,1,0.83,3634,36131,0.84,8472,Completed,2015-12-03,731,1105,9,14,756,18509,201.88888888888889,1028.2777777777778,0.1005784506379563,9.942487616951018,87
P-415,7,252,1,1,1.19,2570,57428,0.92,10732,Completed,2013-12-10,589,821,1,11,263,69653,367.1428571428572,9950.42857142857,0.044751689071533,22.3455252918288,89
P-416,5,192,8,3,1.56,859,38870,0.93,14619,Completed,2017-12-17,909,1045,3,14,418,37929,171.8,7585.8,0.0220993053768973,45.25029103608848,31
P-417,14,201,3,1,0.98,1641,108547,0.87,9275,Completed,2015-12-24,770,1068,1,7,903,49291,117.21428571428572,3520.785714285714,0.0151178752061319,66.14686166971359,52
P-418,6,87,3,3,1.63,2135,54067,0.72,5915,Completed,2012-12-31,647,857,2,1,163,5042,355.8333333333333,840.3333333333334,0.0394880426137939,25.324121779859485,71
P-419,18,296,6,2,1.7,4500,194657,0.81,4831,Completed,2014-01-07,953,927,8,13,803,63574,250.0,3531.8888888888887,0.0231175863184986,43.25711111111111,97
P-420,9,212,8,1,1.98,3861,117217,0.58,10795,Completed,2015-01-14,345,1109,7,3,552,38201,429.0,4244.555555555556,0.0329389081788477,30.35923335923336,99
P-421,15,143,9,2,1.05,5000,157679,0.84,2442,Completed,2017-01-21,587,873,2,4,685,93282,472.2,6218.8,0.0449203762073579,22.261612311167585,137
P-422,12,144,9,2,1.79,5000,161040,0.59,13147,Completed,2013-01-28,984,327,2,11,866,15016,694.5833333333334,1251.3333333333333,0.0517573273720814,19.32093581283744,174
P-423,9,98,4,2,1.42,506,103934,0.85,6526,Completed,2012-02-04,448,513,9,2,637,26022,56.22222222222222,2891.333333333333,0.0048684742240267,100.0,33
P-424,16,118,5,3,1.25,3767,147980,0.61,8801,Completed,2012-02-11,725,531,6,14,360,28938,235.4375,1808.625,0.0254561427219894,39.28324926997611,78
P-425,7,111,2,2,0.95,5000,162495,0.56,691,Completed,2016-02-18,661,349,5,12,518,44678,1009.1428571428572,6382.571428571428,0.0434721068340564,23.003255945639864,169
P-426,5,237,9,2,1.68,5000,79707,0.58,9595,Completed,2012-02-25,212,653,6,17,873,62720,1085.6,10000.0,0.0680994141041564,14.684414148857774,125
P-427,13,285,8,2,1.08,3106,66215,0.5,13904,Completed,2014-03-04,583,235,9,12,757,57805,238.92307692307693,4446.538461538462,0.0469078003473533,21.31841596909208,64
P-428,13,227,3,1,1.25,5000,191907,0.86,1361,Completed,2015-03-11,755,884,7,12,912,75323,492.7692307692308,5794.076923076923,0.0333807521351487,29.95738370277865,152
P-429,17,127,9,1,0.88,3773,54429,0.87,7211,Completed,2014-03-18,598,619,9,1,93,2986,221.94117647058823,175.64705882352942,0.0693196641496261,14.425921017757751,71
P-430,14,166,3,3,1.76,5000,87152,0.76,9775,Completed,2015-03-25,218,221,4,13,464,77478,579.3571428571429,5534.142857142857,0.0930672847438957,10.74491431389471,179
P-431,11,169,9,3,1.72,1413,113048,0.58,1149,Completed,2013-04-01,774,405,2,14,747,83994,128.45454545454547,7635.818181818182,0.0124991154199985,80.00566171266809,31
P-432,12,252,2,1,1.68,2511,174530,0.54,4634,Completed,2017-04-08,690,838,8,2,904,13161,209.25,1096.75,0.0143872113676731,69.50617283950618,83
P-433,14,186,9,3,1.16,1942,182241,0.51,12303,Completed,2015-04-15,950,1047,4,12,295,21689,138.71428571428572,1549.2142857142858,0.010656218962802,93.84191555097836,32
P-434,19,211,8,1,1.01,5000,143731,0.58,8087,Completed,2013-04-22,618,1156,9,16,998,95699,318.2105263157895,5036.789473684211,0.0420646902894991,23.772907707575257,118
P-435,8,125,9,2,1.57,2329,196686,0.95,9328,Completed,2014-04-29,536,555,4,4,133,61924,291.125,7740.5,0.0118412088303183,84.45083726921426,58
P-436,9,276,5,2,1.4,5000,82240,0.62,1536,Completed,2014-05-06,618,639,8,8,256,75308,1029.6666666666667,8367.555555555555,0.1126823929961089,8.874500917233194,205
P-437,16,84,2,3,1.01,5000,168865,0.68,4631,Completed,2017-05-13,811,928,9,2,200,64745,435.5,4046.5625,0.0412637313830574,24.2343570608496,149
P-438,15,50,8,1,1.62,1429,118688,0.55,2648,Completed,2016-05-20,874,295,9,10,717,2211,95.26666666666668,147.4,0.0120399703424103,83.05668299510147,38
P-439,10,89,6,1,1.99,4199,51473,0.61,12557,Completed,2014-05-27,321,1128,4,9,577,1229,419.9,122.9,0.0815767489751908,12.258394855918077,110
P-440,12,113,8,3,1.7,1554,101762,0.76,11849,Completed,2013-06-03,631,1140,1,15,214,49542,129.5,4128.5,0.0152709262789646,65.48391248391249,36
P-441,11,199,5,1,1.69,5000,111956,0.8,12279,Completed,2012-06-10,243,363,3,13,966,15345,567.6363636363636,1395.0,0.0557719103933688,17.930172966047405,150
P-442,4,109,2,2,1.94,2400,123452,0.62,11986,Completed,2016-06-17,516,347,9,17,194,32819,600.0,8204.75,0.0194407543012668,51.43833333333333,90
P-443,7,113,6,3,1.04,5000,191823,0.53,5957,Completed,2014-06-24,580,729,4,16,86,48779,1068.571428571429,6968.428571428572,0.0389942811863019,25.644786096256684,161
P-444,7,142,5,3,1.48,5000,131311,0.7,6579,Completed,2016-07-01,344,493,5,2,382,83421,1081.2857142857142,10000.0,0.0576417817243033,17.348526885982295,170
P-445,8,121,5,1,1.98,3915,190326,0.62,12953,Completed,2015-07-08,526,394,7,14,452,93244,489.375,10000.0,0.0205699694208883,48.61455938697318,111
P-446,10,60,1,3,1.0,942,12006,0.61,2930,Completed,2012-07-15,562,862,5,3,463,66584,94.2,6658.4,0.0784607696151924,12.745222929936306,40
P-447,18,154,2,1,1.64,5000,79218,0.98,2379,Completed,2016-07-22,249,679,4,12,94,20950,373.22222222222223,1163.888888888889,0.0848039586962559,11.791902351890444,157
P-448,15,278,8,1,1.5,5000,169912,0.81,12658,Completed,2014-07-29,264,1076,2,8,451,16173,343.46666666666664,1078.2,0.0303215782287301,32.97981366459627,111
P-449,3,63,3,1,1.5,5000,37430,0.78,12405,Completed,2012-08-05,554,322,2,2,255,59032,1500.0,10000.0,0.2254608602725087,4.435359639767745,210
P-450,19,109,3,1,1.64,5000,28091,0.71,12818,Completed,2015-08-12,999,599,4,4,111,29036,438.578947368421,1528.2105263157894,0.2966430529351038,3.371054842193688,185
P-451,9,79,8,1,1.92,5000,169055,0.71,8042,Completed,2014-08-19,363,898,9,14,469,72356,1096.6666666666667,8039.555555555556,0.0583833663600603,17.128166160081054,219
P-452,15,84,8,3,1.74,5000,28989,0.77,12798,Completed,2017-08-26,340,1164,8,16,917,15292,539.8,1019.4666666666668,0.2793128428024423,3.580214894405336,162
P-453,6,262,2,2,0.87,4958,80451,0.85,2511,Completed,2014-09-02,327,651,3,19,517,4052,826.3333333333334,675.3333333333334,0.0616275745484829,16.22650262202501,127
P-454,6,214,8,2,1.82,5000,23990,0.85,3873,Completed,2015-09-09,597,860,9,2,869,45377,1181.8333333333333,7562.833333333333,0.2955814922884535,3.383161754336483,162
P-455,8,54,1,3,1.07,5000,95270,0.59,10835,Completed,2017-09-16,662,303,5,12,68,90317,1243.625,10000.0,0.1044295161121024,9.575836767514325,224
P-456,14,132,6,3,1.25,2809,85360,0.75,7857,Completed,2013-09-23,950,954,3,14,414,68838,200.6428571428572,4917.0,0.0329076850984067,30.38803844784621,59
P-457,9,172,8,2,1.35,5000,41081,0.71,11192,Completed,2015-09-30,386,661,5,6,349,68819,752.0,7646.555555555556,0.1647476935809741,6.069887706855792,146
P-458,12,127,3,2,1.38,1410,147105,0.94,13273,Completed,2014-10-07,919,942,4,13,56,16620,117.5,1385.0,0.0095849903130417,100.0,50
P-459,9,203,8,2,1.32,4840,113272,0.82,1789,Completed,2012-10-14,931,1190,8,4,810,31461,537.7777777777778,3495.6666666666665,0.0427290062857546,23.403305785123965,107
P-460,5,111,1,2,1.92,4509,21241,0.77,1947,Completed,2016-10-21,389,917,5,18,477,21750,901.8,4350.0,0.2122781413304458,4.710800620980262,133
P-461,15,181,9,2,1.65,5000,129932,0.56,3699,Completed,2014-10-28,587,909,8,12,166,99426,475.2,6628.4,0.0548594649508973,18.2283950617284,144
P-462,15,138,9,1,1.56,2669,10939,0.8,6881,Completed,2014-11-04,628,595,9,19,629,89719,177.93333333333334,5981.266666666666,0.2439893957400128,4.098538778568752,59
P-463,10,286,5,3,0.86,2672,118000,0.56,10635,Completed,2016-11-11,483,1111,4,8,556,10472,267.2,1047.2,0.0226440677966101,44.16167664670659,62
P-464,11,91,4,1,1.88,5000,183634,0.67,8022,Completed,2017-11-18,436,536,7,7,595,70263,560.7272727272727,6387.545454545455,0.0335885511397671,29.772049286640726,153
P-465,9,138,6,2,1.89,5000,40063,0.57,6559,Completed,2013-11-25,393,798,2,16,755,58602,757.0,6511.333333333333,0.1700571599730424,5.880375752238368,158
P-466,3,195,7,2,1.74,5000,163117,0.85,3683,Completed,2014-12-02,486,341,6,19,374,26523,1500.0,8841.0,0.0540409644610923,18.504480998298355,203
P-467,5,89,5,2,0.81,5000,180841,0.6,14639,Completed,2016-12-09,970,516,8,6,104,31766,1500.0,6353.2,0.0472016854584966,21.185684161199624,191
P-468,15,121,9,1,0.87,5000,52118,0.7,14257,Completed,2016-12-16,957,910,7,11,827,67060,485.9333333333333,4470.666666666667,0.1398557120380674,7.15022636850048,144
P-469,19,88,3,1,1.07,1285,89703,0.95,5962,Completed,2015-12-23,335,757,7,5,91,10079,67.63157894736842,530.4736842105264,0.0143250504442437,69.80778210116732,38
P-470,3,153,7,2,0.96,5000,157697,0.6,3716,Completed,2012-12-30,991,999,8,16,346,9399,1500.0,3133.0,0.0420997228862946,23.75312547070342,151
P-471,8,63,5,1,1.28,5000,133557,0.75,3636,Completed,2014-01-06,982,726,7,7,280,61726,855.5,7715.75,0.0512440381260435,19.51446522501461,162
P-472,8,81,7,1,1.91,2916,32076,0.71,3818,Completed,2014-01-13,370,755,5,5,502,93906,364.5,10000.0,0.0909090909090909,11.0,84
P-473,14,228,2,2,1.37,5000,49605,0.51,3282,Completed,2015-01-20,358,600,7,11,939,17532,677.7142857142857,1252.2857142857142,0.1912710412256829,5.228182967959528,211
P-474,15,174,4,1,0.82,4654,89565,0.9,9682,Completed,2013-01-27,400,880,3,15,443,83357,310.26666666666665,5557.133333333333,0.0519622620443253,19.24473571121616,106
P-475,15,215,2,3,1.14,5000,44121,0.53,8157,Completed,2012-02-03,686,509,5,3,571,44162,407.9333333333333,2944.133333333333,0.1386867931370549,7.210491910442883,135
P-476,17,146,7,3,0.85,2436,36433,0.74,5420,Completed,2014-02-10,756,694,7,5,407,4749,143.2941176470588,279.3529411764706,0.0668624598578212,14.95607553366174,40
P-477,18,72,2,3,0.84,4307,48309,0.78,14250,Completed,2013-02-17,975,755,9,5,493,12353,239.27777777777777,686.2777777777778,0.0891552298743505,11.216391920130022,91
P-478,13,112,1,3,1.13,5000,72468,0.81,10845,Completed,2012-02-24,782,809,2,9,177,29477,588.5384615384615,2267.4615384615386,0.1055776342661588,9.471703045353548,171
P-479,7,192,9,2,1.13,5000,180326,0.84,6824,Completed,2014-03-03,703,972,4,15,740,25570,1427.571428571429,3652.857142857143,0.0554163015871255,18.04523166216352,208
P-480,6,274,1,2,1.74,3736,72293,0.63,6827,Completed,2012-03-10,570,308,7,3,454,87373,622.6666666666666,10000.0,0.0516785857551906,19.350374732334046,115
P-481,5,202,8,2,1.97,2852,101258,0.5,8917,Completed,2017-03-17,302,994,1,6,441,12437,570.4,2487.4,0.0281656757984554,35.50420757363254,80
P-482,17,194,2,3,1.25,2432,173925,0.86,1276,Completed,2013-03-24,324,571,2,17,242,39104,143.05882352941177,2300.235294117647,0.0139830386660917,71.51521381578948,59
P-483,11,274,8,3,1.31,5000,43405,0.77,11529,Completed,2014-03-31,512,1054,9,8,653,64370,823.2727272727273,5851.818181818182,0.2086395576546481,4.792954946996466,183
P-484,19,288,3,1,1.81,5000,48527,0.92,5708,Completed,2015-04-07,997,815,7,11,930,5551,285.05263157894734,292.1578947368421,0.111607970820368,8.959933530280649,128
P-485,16,296,6,1,1.12,5000,82227,0.91,1187,Completed,2017-04-14,657,967,7,6,792,69359,374.875,4334.9375,0.0729444099869872,13.709069689896632,129
P-486,17,243,3,3,0.99,1446,136564,0.92,1029,Completed,2013-04-21,429,1090,6,8,127,55880,85.05882352941177,3287.058823529412,0.0105884420491491,94.44260027662516,34
P-487,3,255,7,3,1.82,1939,144883,0.74,12134,Completed,2012-04-28,857,405,3,10,134,13916,646.3333333333334,4638.666666666667,0.0133832126612508,74.720474471377,61
P-488,5,102,9,3,0.86,5000,98344,0.67,5567,Completed,2012-05-05,396,1046,3,3,79,81703,1500.0,10000.0,0.0836858374684779,11.949453219927095,168
P-489,18,153,2,3,1.54,5000,160344,0.9,13723,Completed,2013-05-12,932,242,2,14,774,42445,297.6111111111111,2358.055555555556,0.0334094197475427,29.93167817808475,119
P-490,13,153,5,1,1.47,840,52153,0.73,8580,Completed,2014-05-19,622,1064,6,14,98,48636,64.61538461538461,3741.230769230769,0.0161064560044484,62.08690476190476,37
P-491,14,228,6,3,1.22,882,113042,0.59,6018,Completed,2012-05-26,771,444,4,10,826,74927,63.0,5351.928571428572,0.0078024097238194,100.0,30
P-492,12,88,4,1,1.18,5000,59110,0.93,2653,Completed,2016-06-02,809,486,5,12,194,79194,749.25,6599.5,0.152106242598545,6.574352129907686,201
P-493,18,228,4,3,1.73,638,150051,0.94,9986,Completed,2014-06-09,370,554,3,6,118,30685,35.44444444444444,1704.7222222222222,0.0042518876915182,100.0,30
P-494,10,247,4,3,0.9,858,33328,0.73,6594,Completed,2012-06-16,581,984,6,12,107,52134,85.8,5213.4,0.0257441190590494,38.84382284382284,30
P-495,8,183,2,3,1.08,5000,117911,0.54,7474,Completed,2017-06-23,372,675,3,14,746,89916,678.875,10000.0,0.0460601640220166,21.710734671331245,131
P-496,14,116,4,1,1.68,3956,17867,0.69,10218,Completed,2016-06-30,862,282,8,2,623,95455,282.57142857142856,6818.214285714285,0.2214137795936643,4.516430738119312,102
P-497,10,184,1,1,1.46,2127,64234,0.9,5274,Completed,2014-07-07,652,309,9,9,528,68847,212.7,6884.7,0.0331133044804932,30.199341795956748,79
P-498,6,228,6,2,0.95,5000,30851,0.95,8192,Completed,2016-07-14,549,1149,4,10,869,40993,1500.0,6832.166666666667,0.3239765323652394,3.0866433216608304,217
P-499,10,249,1,3,1.86,5000,36279,0.6,11588,Completed,2013-07-21,833,389,9,17,494,45333,712.6,4533.3,0.1964221726067422,5.091074936850968,173
P-500,7,91,6,2,1.27,5000,78402,0.53,3603,Completed,2013-07-28,693,1182,7,17,345,59865,786.2857142857143,8552.142857142857,0.0702022907578888,14.24454941860465,129
