project_key,team_key,defect_fix_time_minutes,size_added,size_deleted,size_modified,effort_hours,complexity_score,testing_coverage,defect_count
52,2,111,2693,1115,2129,164,2.535939956123663,0.8321696833028411,30
93,13,995,2347,333,2572,132,2.257132801294566,0.6716888947872863,39
15,6,276,924,970,258,193,2.266526403218821,0.5095495996768629,25
72,5,876,739,123,214,91,1.900564967663052,0.8448956236564331,17
61,1,977,4050,1802,2745,418,2.062218992675055,0.97274743027975,50
21,6,631,3191,1091,2128,295,2.4914353324095746,0.8160600609578257,43
83,6,983,1472,163,1172,167,2.6518818382238365,0.717646362093817,33
87,16,851,721,1910,2752,445,2.393122804288092,0.7625769470558141,33
75,4,971,1221,1437,2035,95,2.8481459776913662,0.5998144038299588,43
75,11,951,3776,1661,175,198,2.640648176294402,0.8752720818768688,30
88,9,786,993,1888,942,159,2.123727579619037,0.8732099150049245,29
24,3,12,1499,1299,2935,181,2.342812145287474,0.5727586501937125,30
3,19,94,3787,324,2970,153,2.852616553842392,0.9389891912498296,26
22,8,803,2589,1748,1629,168,2.2383360884861165,0.6345948697366526,30
53,5,337,4009,1074,994,186,2.6496138959596616,0.9911280304683074,24
2,4,825,4310,114,1250,244,2.3776210071799744,0.6914515070186229,37
88,6,459,2411,1934,2455,174,2.103872722120933,0.5889420293672498,29
30,2,463,3702,1923,1834,216,1.4836763908307062,0.6758600556728261,46
38,11,933,3720,1226,2954,444,1.851995038936856,0.7200901643485966,43
2,4,638,1803,1434,857,174,2.9354856496674318,0.5346538865191475,21
64,15,230,2402,1311,2027,94,2.3155307665452,0.7891091906116448,32
60,6,163,1988,363,1383,194,2.1287907606779792,0.7988162199344502,27
21,17,674,420,1025,2407,95,2.8659132510564547,0.8694652276747361,28
33,6,21,4998,1782,223,197,2.173023562074897,0.5145849461453716,26
76,19,142,4529,1970,180,157,2.052165036834806,0.7706191072169151,29
58,2,313,1981,742,411,140,2.5186217103004105,0.5264537166353322,18
22,15,302,474,1613,788,150,2.425331237973089,0.8505721099833268,22
89,11,984,4774,718,2642,214,1.3863200168168657,0.5278639928504922,44
49,8,309,944,1289,2601,457,1.9426165491482423,0.9558639241708164,33
91,19,749,647,660,1113,185,1.9450308856391705,0.8510412834422483,29
59,13,792,3112,833,2960,346,1.7564490304866895,0.7536948825425785,50
42,12,52,2386,956,424,175,2.0345869643045065,0.7207519616405875,29
92,5,953,4738,670,627,293,1.8262147954542884,0.5653363152066312,37
60,6,352,1737,108,1634,186,1.3986909789423665,0.6454996947823315,33
80,4,335,622,597,1560,154,1.824732974549362,0.934479552510448,15
15,19,823,2140,291,2895,191,1.1445538951463532,0.952226405781247,42
62,1,507,3719,1916,1857,412,2.151571725548824,0.5003738541852656,38
62,17,373,4322,412,709,333,2.707309097882224,0.7970681957387756,32
47,12,900,4674,1142,2969,272,2.4505741687091103,0.8596503045125568,50
62,15,436,1683,709,1260,161,1.7207880801082225,0.8093734912288031,31
51,1,30,1567,208,2123,115,1.1741424111546164,0.540839882433177,26
55,14,416,4343,1336,385,418,1.4042987984505415,0.6088624493994511,36
64,6,628,2707,336,1742,98,2.0909806809896714,0.625170133690693,36
3,5,345,3698,163,474,81,1.4141141667660655,0.9158623156525448,27
51,11,824,4998,561,123,411,2.087946222569935,0.7315997181544602,36
7,4,126,3638,1678,96,395,1.463198049527798,0.7434141059706184,37
21,13,133,1587,414,249,137,2.6978477389521456,0.9674465232772542,20
73,11,408,3187,471,1957,237,1.7945429456809194,0.8185429444273578,39
39,3,802,147,141,2398,233,1.491101251888982,0.949333850776332,32
18,1,813,3265,800,1225,359,2.624652360494123,0.7282544276707665,33
4,6,724,4580,883,912,172,1.6856779296109017,0.5747181292591471,28
89,18,60,4782,93,1593,186,1.222975375677564,0.9649677970370428,25
60,10,792,3800,1432,2755,264,2.140818982807283,0.7293525578337692,41
14,5,333,3207,763,2094,147,2.163128408875977,0.590815710939411,29
9,10,798,4733,637,1695,446,2.4293913504714686,0.6511978701519612,41
90,12,150,393,1142,318,120,1.4804388664167711,0.5254012948444711,20
53,2,479,4716,230,976,138,1.8875426781844904,0.7341502957281926,30
2,13,796,660,1937,2866,475,1.5647358380853125,0.9265640859551184,41
84,8,811,1777,562,1134,198,1.1619074722313762,0.9667902280033448,23
92,2,343,2340,1401,2547,180,2.7532276540317837,0.966301103751822,38
60,1,902,1904,1180,2640,90,2.4577396089766825,0.5626150128143734,48
71,5,973,2658,121,2525,152,1.6029261189176014,0.6910269412555285,27
44,9,382,2129,624,1494,174,2.1987459857439724,0.5141143798253531,31
8,17,573,2374,1591,384,184,1.4025275762689449,0.9275826724857364,38
47,9,503,4677,933,2926,453,2.780473243591542,0.6793778810106369,34
35,11,548,1227,1527,1718,95,1.2298126867238206,0.8155585139461174,22
78,15,678,1141,1538,370,93,1.0076742910156018,0.8574492190386442,32
81,6,760,2841,484,2320,198,2.0040163954783643,0.7149223348715776,41
36,3,165,1799,845,2848,103,2.1662556469057384,0.6532211682751214,25
50,17,300,2725,1923,1924,141,2.157930640591609,0.9811064550579724,24
4,5,657,831,280,2870,174,1.1090238548756526,0.9822441125119272,25
2,12,153,3098,430,1031,126,1.628087613836865,0.6447181840150109,28
6,18,115,2155,1930,2526,123,1.998397893682664,0.7398125483722291,38
54,14,429,3917,716,2984,475,1.4331583712544818,0.9864220793300112,31
4,11,679,4592,1400,518,476,2.7452517709717927,0.5024342038277516,43
54,9,667,2163,1313,969,114,1.174218578922868,0.7063391241895747,31
93,2,11,4020,1316,2014,472,1.9747688833440855,0.5502287748404842,33
63,12,954,2041,49,2066,175,2.382832115026304,0.7545789827813013,36
18,3,598,1117,1992,527,131,1.5235022002689649,0.5123349772702436,26
90,3,653,1627,198,1347,137,2.248481473995036,0.7034492156953139,34
44,1,99,1061,1197,2568,195,2.658770300284749,0.6103495373926675,29
34,8,354,2324,1003,2870,115,1.380673950190095,0.7666541812293703,26
74,8,359,4919,1569,2665,327,2.8344411836497256,0.99799682455035,46
62,11,468,1864,545,185,161,2.107117065324716,0.9002680525633738,27
14,9,272,2476,1037,2529,145,1.5984640086021211,0.9228210458122108,29
95,5,360,4452,1868,939,224,1.8617165507645412,0.8176324936795405,31
48,14,117,4924,299,133,197,1.624383767572776,0.5207799241361293,26
15,3,595,2601,1986,1011,100,2.450222319866632,0.6033988380220721,34
72,5,48,3707,442,1971,194,2.5926013268302643,0.9625322782235276,29
78,5,918,57,480,2274,148,2.665874784637322,0.6830565589643756,28
87,19,168,2605,1214,1278,149,2.9715364991714823,0.5518183632403978,40
62,14,592,525,1281,534,145,2.582568584993367,0.851202682933101,26
40,4,968,2261,637,1251,105,2.2027681413771267,0.6497288619671273,39
85,13,321,534,288,728,146,1.6784405967835676,0.6344284564520859,28
80,10,250,4704,886,2205,263,2.0891908974214988,0.9989887277791302,37
82,18,947,2335,590,358,127,1.0821363455808108,0.9290694625133272,25
53,8,454,4613,872,2604,499,2.489650151059826,0.7039689091839205,38
24,8,307,3575,263,87,194,1.891911090184204,0.9901306039082496,24
26,7,961,3389,190,1616,425,1.0400464594643752,0.8250566117096068,40
89,8,45,2872,1863,1584,151,1.1250138830208216,0.8710112259398801,22
60,14,93,4993,690,402,154,1.7749329276435133,0.5157565215411057,28
41,19,461,2974,834,38,128,2.16684303803687,0.5608026296740285,28
29,6,895,308,1542,2750,262,1.9284078979042532,0.8165425632481191,33
15,1,784,332,1794,2141,362,2.2384086345843097,0.949511991324742,39
45,15,831,1948,709,592,176,1.960588517582712,0.8118718630437978,28
65,1,394,4185,575,1319,221,2.3234076909626937,0.567012447159496,38
89,17,181,3026,1359,2278,359,1.4382521293416015,0.5578800231231623,34
71,1,385,2317,1390,2922,96,1.2256863743672428,0.9220929479120408,25
9,15,694,3250,1858,1963,364,2.19286790925132,0.5696511693539572,35
88,2,371,662,1683,670,249,1.969379033872615,0.7601159802520128,33
1,14,568,737,689,1665,151,1.0537353080898706,0.5185566599811511,30
8,8,900,3740,400,1013,268,1.7609637709860717,0.5403348836955887,44
88,8,150,662,1648,2762,151,1.212251170981991,0.8361741338214324,21
63,19,896,2357,1967,2607,159,2.06271366350539,0.8445907052137583,44
11,7,927,3063,1118,1358,384,1.7915553593208615,0.6707347033042212,40
81,19,127,1831,1350,920,162,2.226303822206036,0.6078048826215223,16
8,6,286,2641,221,1704,124,2.6112044375404766,0.906855135378654,39
35,6,735,2746,1548,2847,139,1.5993373676829816,0.6085516147349452,42
35,3,229,4008,393,1605,474,2.924204208330055,0.7710135348331899,37
33,7,914,624,1724,1943,190,2.071269001175149,0.9841044204314529,30
5,19,35,1960,351,1801,160,2.236581597509576,0.5739262189311919,14
41,8,530,3654,1848,1156,372,2.361344746451474,0.9704381337473544,31
28,10,792,719,1997,2237,264,2.3334630597151795,0.5914465265343343,39
7,15,19,4414,853,1964,284,2.021941486090124,0.7837216040116148,41
73,15,993,1333,1071,1057,92,1.857528582229367,0.6885038559793724,40
72,1,387,973,1544,1758,146,1.1075639283547558,0.982464300750913,18
12,7,642,1175,429,307,105,1.0441716906023597,0.6367710145009684,21
34,4,646,1579,760,2256,120,1.7159223890655293,0.6998290010428768,31
33,6,691,1644,1202,2981,158,1.6673217812673853,0.9914300589277104,36
48,1,593,296,1998,1610,101,1.7753903096780137,0.7682351955942366,30
23,5,161,3761,1942,2761,288,1.27673640177638,0.7513150578106267,41
62,1,729,1610,1376,1765,87,2.476336541073687,0.6288892441019956,31
88,4,58,2450,1859,2955,162,2.713928829552478,0.8506817801552207,28
37,2,163,2293,315,2538,133,2.87742927074807,0.5071864758888889,34
99,10,868,3914,1575,1118,495,1.984724607039252,0.5247563148511467,37
44,5,302,1989,711,2344,91,2.401731398250857,0.7996792935679014,26
86,10,589,3119,878,959,398,2.7111022468717447,0.6708372869092271,38
91,1,59,276,546,1468,72,1.836582222186972,0.9766581861004804,8
35,6,673,3597,1145,590,275,1.6188255897408887,0.9515953453613928,39
65,13,540,314,1444,2924,98,2.8734491117069805,0.8568531293383537,29
99,15,621,1445,1980,1020,131,2.031353102154146,0.9090727905639008,29
47,4,69,3607,215,1225,149,1.994507773181756,0.8336659248338467,26
78,13,176,695,1218,2525,103,1.3568321931269915,0.5627910513550803,19
3,15,211,3040,1415,937,154,1.2163100291467135,0.8827716848446013,16
1,8,866,1949,505,1894,102,2.684213724967023,0.6050959843594232,38
5,5,155,2554,1412,852,109,2.2282663523750363,0.6617214275500984,34
90,15,924,2822,1080,2906,143,1.6516491680388974,0.9096171060512102,43
14,4,685,1204,1919,2260,137,1.383472434780533,0.7682628041967241,35
27,12,979,637,1773,1698,128,2.110994560339263,0.9299703570917046,27
9,13,448,4621,1584,635,235,2.1678385785222707,0.6065176599216321,37
79,2,251,1871,1561,425,165,1.4139872024901163,0.8038892193034436,20
15,19,590,1035,513,1769,179,2.702811495782948,0.5418954862741308,31
90,19,696,4129,1055,2788,484,1.1685287323117022,0.8215304967700148,45
42,4,570,3398,222,112,120,1.7121861703328434,0.8812670188877674,15
77,4,492,3881,319,2497,350,2.360768827525044,0.7924654469893608,44
51,11,117,1291,670,673,101,1.5482407276384014,0.6331157507494052,18
63,5,235,239,762,453,184,2.6553503895625434,0.5156713344294334,16
96,11,682,1030,281,1155,114,2.479735653200807,0.5597244419821429,25
52,10,640,1748,1604,394,112,2.5780456890962684,0.8111514895370131,23
96,8,670,1765,1832,1086,160,1.2382130717534323,0.9672101084212568,33
4,6,986,2643,947,226,151,1.2810942559910858,0.6032672019860033,28
94,6,671,4186,1235,799,476,1.5729474754891672,0.8675130745525494,44
23,8,441,4483,41,1339,330,2.036154330395122,0.9332255316245208,39
15,15,814,1148,452,1161,162,2.496032153398805,0.7604410892237555,29
43,14,664,2376,171,551,135,2.673061781521807,0.8346328979218289,25
29,11,428,3297,776,2233,253,2.4086706319143607,0.907507658338074,35
36,12,997,945,263,2710,238,2.857193763061277,0.6303375788702967,31
13,13,464,1724,530,109,134,2.4774870192318605,0.6484478371340214,15
32,8,169,2959,986,1137,148,1.6125357740092294,0.5003137583142281,31
71,18,532,980,1684,32,105,1.5301625686771452,0.9815470654489012,16
59,1,659,4434,1513,1877,314,2.39238490060218,0.9587724472981723,36
86,15,978,773,19,824,191,1.3857411373792283,0.8822841318797152,21
28,8,599,2990,735,964,130,1.1854296216205398,0.5395380104883241,31
66,11,86,1139,514,2809,191,2.064445749712388,0.7237514448497541,27
42,12,518,4628,794,1877,495,2.6432831395579104,0.5509458769857765,47
45,12,450,985,1869,1630,431,1.202759684939727,0.5079601336313992,32
62,4,263,2345,1593,2943,122,2.5837826475914585,0.8080914826062986,38
57,16,930,205,445,1979,189,2.623144008703096,0.9804147085400944,27
6,4,779,1120,1144,2727,92,1.964548000163087,0.9514340117160752,34
28,5,329,2008,162,1072,81,1.1146206200209736,0.8483774074677022,25
28,5,812,2551,1668,315,148,1.3491797024943728,0.5483202920824357,33
44,8,272,4269,926,945,217,2.4148525503238645,0.6370820188361501,31
84,10,606,3880,878,659,449,2.423555889981899,0.6600283634426455,32
30,17,667,904,1135,2407,429,2.7967105503353307,0.8815750288727806,38
62,9,844,689,762,647,125,2.165372293109166,0.901124589617557,30
75,19,563,2288,1866,2506,149,1.2482147354275548,0.6925530614949602,38
92,14,383,1652,1224,1187,191,1.2428298110099445,0.7089419983088048,22
89,8,646,491,1762,961,108,2.442264714713647,0.5222545196380857,24
62,9,176,4678,572,849,151,1.3675693302158023,0.6445683592093805,19
97,11,946,1386,1837,1790,84,1.6567709992332107,0.72564258858882,36
1,1,762,3750,1114,2586,494,1.974424013843828,0.5584915231926288,46
27,14,468,998,498,995,187,1.0495297551523024,0.7266337303775107,22
62,5,289,3423,904,974,367,1.4976380540398635,0.9265879061289002,38
77,14,709,509,1121,1282,163,1.81577921701456,0.7906605098625267,29
3,4,311,4696,1227,971,423,1.5592726369864125,0.5394649275192062,42
70,1,540,442,113,963,126,1.2727406549351317,0.5958356594151372,27
72,19,589,3988,1816,2222,212,2.4560245155923948,0.7372721750792781,42
27,8,227,1837,1129,1224,167,2.62629531033597,0.6807435749109061,26
9,15,111,4990,1456,2155,479,1.5149579522874497,0.6793635097730494,32
62,15,563,2307,1924,1554,170,2.548838989212607,0.7646337240717951,28
37,9,297,1188,1231,1116,170,1.7711071288026277,0.7921979607947287,25
97,9,176,3858,1034,2998,208,2.0133715817080056,0.8984307851380955,32
51,10,630,4791,1016,198,147,2.7120021497863056,0.6704832817312423,30
44,9,45,2504,416,2279,126,2.499907363604816,0.9027331415202934,28
24,3,753,1516,1411,1848,174,2.6102337026323554,0.6693056145563163,28
79,11,750,3724,176,1277,451,1.2736903331727136,0.527716494470617,32
59,6,362,1427,518,484,134,1.139438851667459,0.7770938255023956,27
32,2,685,2647,1671,1794,137,2.7868094581759744,0.7939511624474073,45
96,7,908,191,322,2698,171,1.7756685391421887,0.96727012281093,19
88,18,82,2709,1626,2892,139,1.5757593561393617,0.8630306630312372,35
52,2,657,4646,1451,1250,193,2.449392508523649,0.9588863262472198,30
62,17,362,889,772,2674,109,2.672831193159713,0.9541736051215048,26
58,11,900,3668,690,904,326,2.724979243796602,0.802287055129121,39
52,12,79,3967,486,2433,126,1.6319942822504547,0.7638810326682237,28
12,19,434,645,82,2343,484,2.704424782403348,0.7787204835818,32
39,7,717,1954,1174,2447,178,1.0818678887486908,0.989165403838624,40
2,6,790,330,591,1352,163,1.0993229829194378,0.8865838458734794,26
3,1,570,473,271,1674,388,2.247038390348309,0.5531329523961979,31
56,17,837,4415,1373,964,393,1.1262127382310925,0.8892142033907,41
81,11,651,4299,1341,2877,453,1.649218337020323,0.585269024449113,37
59,18,965,1800,254,944,138,2.345511972493848,0.7236752745028128,30
2,17,526,4807,1548,1958,377,1.6745337921084529,0.6052298360882671,48
2,7,437,2017,1370,513,167,1.3591995628801918,0.8447915327666149,24
92,17,548,4138,1608,1566,493,1.5627012437076833,0.938654868096518,31
54,9,169,4228,570,1989,179,1.915150664500864,0.6451809426833405,26
87,17,158,2996,1109,1114,140,1.9507717107109648,0.5410053706040938,28
96,8,785,1499,1913,2431,103,2.566000462694404,0.6492465490374817,46
97,17,239,2381,184,2637,181,2.500306458863025,0.8361809289660972,19
1,7,721,2270,118,1845,168,1.9136356091122704,0.664380063777225,31
19,1,571,3839,192,782,93,2.691334698197543,0.6390560837769017,25
2,13,76,2860,201,2343,187,1.2284742771827917,0.5922175952921325,26
53,19,821,4778,74,69,318,1.510706700457803,0.7487582134372168,34
44,19,390,1581,1882,2795,148,2.655952927004503,0.6379744140785938,20
90,17,67,4932,972,925,96,1.7559880772523062,0.8655051745697415,24
32,13,268,3040,1507,2995,356,2.9623631175876843,0.5383112009961013,34
70,16,351,4543,1816,583,271,1.9325065630556708,0.8320165165556588,41
32,8,847,1193,1133,802,156,2.5838712459275284,0.6187800072838849,35
68,19,139,983,1577,2552,148,1.804614082764744,0.7446396305258016,21
55,18,736,1510,873,2060,91,1.8499070381248608,0.6430449610156304,37
75,1,181,2773,1161,1851,143,1.765766294568367,0.8613843380053978,26
56,14,779,2562,1485,603,173,2.4381512410216235,0.9726535201258184,41
17,19,623,335,1947,1339,89,2.095035768119989,0.9585383897349068,22
38,15,218,314,378,255,55,2.8875562227367384,0.7917131075720456,7
24,18,812,2417,860,2123,163,1.5017806330682095,0.7313051516284892,36
69,2,363,3497,52,1962,183,1.2011254641668887,0.9091502547196908,22
98,17,480,4966,1917,379,373,1.7865229701984304,0.841663181313865,48
70,18,807,1812,1452,1950,97,2.233425415293552,0.5917820571084664,46
86,6,125,3098,497,129,121,2.72159787383099,0.9104596068065,29
11,19,273,2431,87,211,110,1.692393773360655,0.7144421946973551,18
16,4,671,2319,835,923,151,2.307573502248923,0.5944928299855876,29
97,1,821,90,1834,1136,225,1.700397362046438,0.6408986751982462,35
73,8,451,117,1303,881,113,2.234439165988916,0.6337635151241712,24
59,7,557,1037,683,2635,172,2.769615894061302,0.7596034873017301,27
70,3,462,4058,710,1103,233,1.462715284518818,0.6171850453389378,36
80,10,854,3248,768,669,252,1.8084832842140783,0.5617832437007881,38
93,10,486,4840,1933,58,442,2.986530392859493,0.5618454253068803,44
3,19,296,2574,737,656,159,2.7371140564989216,0.7916380985695484,16
20,14,312,1135,1348,1056,82,2.129279715792404,0.8673796444246893,23
59,2,320,2529,934,55,133,2.03325518370855,0.6607665044191704,14
36,1,217,1743,1884,2168,196,1.569200764609362,0.5173253549070085,35
19,18,627,2365,911,1381,97,2.0344188553870586,0.5636124434685054,30
90,7,455,828,898,2003,181,2.6963629965598943,0.9573472801685284,18
67,8,679,4639,1002,185,359,2.3703490265555613,0.7467718297947266,47
19,1,642,1635,1978,2450,159,1.5800880563559732,0.7267864048075874,40
20,3,64,1542,1201,1899,99,1.402927842107066,0.5190245891550455,20
96,8,921,710,348,2857,122,1.5304170739936582,0.8643185111584495,29
71,15,21,1398,202,50,188,1.339518402785653,0.7640340404660395,18
52,5,666,1349,1486,30,128,1.191281392047432,0.6010404680432604,22
33,3,409,3990,292,2031,95,1.83827234888411,0.5550368800905285,22
40,19,917,2036,1369,2163,171,1.2265992087965354,0.6916939318159993,30
39,1,657,2094,399,2520,123,1.343825115454209,0.9185809820975128,30
82,15,989,3566,1009,2259,347,2.094649368678972,0.9326472796005124,44
1,8,524,1108,534,505,104,1.3291985473991494,0.8014231901978182,20
11,2,665,1026,1273,1309,123,1.1277595348618057,0.8637682136150713,21
92,3,551,4627,1865,1467,117,1.6347777000557704,0.5575778937014352,25
57,14,246,777,1991,2305,105,1.440638197243935,0.7940630327339274,27
89,14,288,2577,1516,1963,177,2.0306103759887533,0.8334828517435908,36
50,11,357,3186,668,1983,305,1.2047341691664186,0.6003564214568962,42
23,16,636,392,725,1871,104,2.503541575365956,0.9400773664551294,30
31,4,113,1497,1625,1489,123,2.812467038870277,0.5974983687605099,32
94,5,639,2429,900,1386,156,2.486870347912389,0.6567386799232252,32
42,14,526,3709,1588,2802,446,2.0656540748027883,0.8102784235117293,34
99,16,989,576,1491,1010,225,2.7213356435777705,0.8191750325653654,31
7,18,881,1946,1122,844,98,2.389836759563015,0.8496923704936836,18
16,7,257,4804,1693,1482,225,1.0211022449003797,0.5560058565341028,38
90,10,373,2123,1128,2173,92,1.7881803055490062,0.9247322149642776,35
60,7,330,4965,461,2248,322,2.7019037988136,0.7664235661416299,40
2,1,642,455,437,2251,136,1.6917177159505383,0.7356608970525342,25
1,19,295,1623,1184,245,112,1.070430347051047,0.9905488122567548,19
48,16,158,4650,1547,796,117,2.4923592771045446,0.8701891484705099,28
12,19,93,3790,1409,2857,234,2.604076540565737,0.5590030133096875,42
69,4,975,4324,1055,1132,220,1.3211873900866171,0.8782695836131204,38
37,18,415,4277,892,707,390,2.0746809936863624,0.5476244669864347,40
32,2,987,1896,322,549,146,1.3839108779914515,0.5137352812564924,26
9,1,465,1528,849,991,92,2.4384688380882933,0.7018129476349486,34
99,15,752,2445,528,955,93,1.543100910354971,0.9967890864096094,34
19,5,809,821,1239,1442,188,1.63243024512666,0.5874419680974313,25
48,11,170,628,1985,2173,197,2.6899417072802025,0.8363221717633951,29
80,10,793,2951,384,1314,86,1.9526447044138089,0.5866980331030597,39
3,2,469,243,460,2018,174,2.339508902436496,0.862393487479193,22
20,3,559,2057,1659,2898,125,1.8047461014449355,0.7526768341189131,32
24,12,509,1235,1817,1546,102,1.5960137143875108,0.8399858550446881,25
54,5,747,2444,1024,698,158,2.250956120849323,0.6014365879571173,39
33,5,518,3048,604,2916,456,1.3097151481576426,0.872814166260251,34
24,6,663,1842,1212,2460,191,1.745999671133726,0.9978095298113534,30
75,9,813,1160,1243,59,116,1.4180740747718446,0.8328252503129798,27
72,2,490,4055,509,2727,337,2.391589933881491,0.7467399990364388,38
36,12,672,2311,473,1125,193,2.888417676692215,0.9615869943096323,18
38,3,123,3786,1873,864,185,2.991021936031733,0.5079259211159382,24
84,12,758,3843,1157,1763,326,1.9005536208831812,0.8649617596429106,51
99,17,587,1986,122,2268,86,1.505060779272889,0.9443732584069064,31
89,10,370,4925,1045,466,203,1.8856587407686485,0.5308372918104787,38
99,14,350,4407,1159,1254,326,2.694538819925448,0.7250320852078791,33
25,17,779,779,1598,2511,334,1.4120113571040798,0.6023597269749994,35
93,18,996,4428,340,1370,433,2.9041913033058475,0.783259082793915,47
18,19,770,3501,1934,2828,451,1.683731537596302,0.8247714793018303,46
82,17,978,4507,1316,246,407,2.9716073189006096,0.6513115914643774,35
66,14,458,4586,149,67,484,2.677217775067924,0.7299908348390505,32
54,9,852,2190,1434,2979,98,2.6171410682947807,0.6396697426382798,33
35,8,844,1694,911,1482,81,1.6358093475465671,0.6846955822275569,42
80,2,189,2850,1130,1850,149,1.017554423895859,0.5797699783442118,27
61,13,711,191,526,206,179,1.7642658176519757,0.9427797217928158,16
41,7,416,1505,578,2412,192,1.6036187393253871,0.5050052052795682,35
33,9,675,4846,1957,2291,328,1.0747939808175946,0.9412045932218942,46
68,11,205,2146,855,2897,168,2.01073051301186,0.7858394391748693,23
33,14,475,1375,1102,2555,172,1.8060626225654728,0.6658289220885087,26
14,4,320,1263,127,1952,190,2.269112935483049,0.8615285627301649,27
21,13,271,1209,897,2944,198,2.2423726443881664,0.7538760759313321,34
48,2,428,4700,1092,868,85,1.2414932717933602,0.7495543290538033,25
20,5,415,4549,1066,2052,348,2.953931092253245,0.5550711414594832,37
8,11,948,4747,1351,1272,482,1.3738628588828938,0.6947580129727043,47
7,6,152,390,59,1433,180,1.8905480495294087,0.6205321729283684,25
67,18,351,3878,1913,998,285,1.9762350868674696,0.5078479527981399,36
17,10,325,2018,1522,1632,89,2.62612559442824,0.6800498153910566,36
33,4,110,753,28,1036,31,1.1984591921892935,0.5449110647128024,13
48,9,253,4463,735,2255,345,1.8572885584170635,0.6284150188625925,41
76,6,499,2479,206,1901,191,2.257004340472408,0.5462583105915473,40
59,2,21,1850,1924,289,182,1.430311243248111,0.5504708127781994,30
86,17,248,4962,1483,1650,309,2.254935797532146,0.5995056472075941,37
22,5,570,4698,568,329,382,2.8473296750993056,0.9999246222432,36
30,6,51,905,1712,2063,179,2.9950362623453497,0.5010920714286244,20
38,12,687,1862,461,1594,147,1.0649021535813514,0.8193363180602027,31
51,10,603,2916,298,1115,114,1.471176456489355,0.5706218490132786,37
54,6,438,3692,1174,2912,229,1.620614231583395,0.960314068355388,42
8,8,812,232,1117,1715,178,1.7982522008899322,0.5468164466668146,26
27,2,167,3162,1727,2553,199,1.4845143151695348,0.9775315935631184,24
27,12,225,4542,400,1465,361,1.406975989110625,0.8054631937417389,37
98,13,679,1567,1624,2187,144,2.909107684835,0.5006340384577451,30
21,7,471,1406,224,239,112,2.837043205541036,0.947003598958403,14
30,10,143,2224,1559,72,144,1.093985002006235,0.7608559006834592,18
97,13,76,3679,224,1777,156,1.6776260432096963,0.6313348676652423,21
28,17,857,3678,1436,1494,421,1.8102971073568133,0.883639588757815,48
64,14,16,4146,137,1686,430,1.4780290693318867,0.963332776943435,34
97,2,957,3289,1855,1280,362,2.2577457939763512,0.741845411573397,33
69,11,535,3741,1510,2825,485,2.280761493288482,0.6577767372215555,47
61,1,82,68,769,2805,175,2.701008456657194,0.8944725619674634,18
48,19,408,3453,413,739,306,2.481738536770436,0.8408927488942273,31
19,4,414,4729,1062,425,208,2.0851466539319112,0.9443762418751362,40
4,19,684,4601,1825,2675,391,2.30717354008884,0.8462570063805965,49
35,11,587,3054,347,2489,373,1.5479775630860362,0.6217641694497682,31
64,8,868,1182,840,2779,87,2.1861123799347157,0.9658296248795096,29
49,11,139,3389,723,2314,375,1.9784545094998385,0.5524178736029957,41
17,4,940,3361,370,91,185,1.2666889346327408,0.6339713750534239,27
44,17,475,3422,578,1873,273,1.4850885531659417,0.7600973038619427,39
92,7,215,1037,1425,2252,84,1.583386901443172,0.7828710130354507,38
30,8,797,3371,227,2073,336,2.848619134105116,0.5076552933134527,39
93,3,987,4665,1607,1249,250,1.4607732787717789,0.89028636291047,45
46,2,777,223,1702,1587,243,1.5784878056393363,0.6808036592126947,32
6,15,275,3791,211,2973,375,1.7387082601788646,0.7032092705010689,33
99,5,546,3102,26,406,431,2.3274854772507743,0.9046847722184728,38
37,1,971,776,331,1811,127,1.236476784944281,0.6896416958637723,29
24,4,802,3810,527,718,424,2.907890424987552,0.5236124382473775,40
93,15,262,1925,1603,1220,194,2.731142440189529,0.5882198852351752,24
46,19,831,4083,1358,846,490,2.1544321460179003,0.9779515861940912,33
53,3,298,1039,1445,1842,146,2.348075734849913,0.5352026812012571,26
95,11,173,3794,1351,368,500,1.033320942488432,0.6774656004840081,37
99,17,104,2736,690,1298,179,1.6778895506968974,0.7515895835256723,28
60,13,791,469,1998,327,420,2.591320461322884,0.74664041366928,33
97,11,842,643,1115,1170,224,1.1549659475847718,0.5019799715060713,33
63,2,119,1824,1507,1980,171,1.5646276684214404,0.7505813657287452,29
85,9,345,2509,1501,2354,145,2.170593656668623,0.6918862289887047,38
32,2,831,985,434,785,105,1.5128260553978836,0.9860396677372786,30
87,9,247,3858,1978,744,458,2.8679559482890387,0.579579541996915,40
33,9,390,381,1764,2829,125,1.2621172616085807,0.6770770983797475,30
67,8,445,3499,1722,1639,309,2.5947887158155574,0.7097407425449098,40
18,17,908,2752,1237,402,194,2.0158973838128165,0.6953467685504744,48
25,1,492,4056,1616,2455,440,2.500661551639912,0.8329154138259313,49
95,11,946,3918,1028,544,231,1.6214306566228949,0.6077564287738844,43
54,8,911,4250,396,2706,316,2.0289792046240773,0.6105357764069959,44
58,10,34,251,787,295,180,2.713670699446353,0.8646054742504266,17
67,7,662,2547,107,2567,113,1.9337561982462088,0.7501452593390898,35
46,3,126,1892,1378,2784,81,1.7194397238205392,0.7075778380286553,25
24,3,491,1916,1836,356,116,2.072310772505472,0.5846015258386259,30
32,18,401,2046,217,1993,178,2.4347255060727337,0.5937636114560834,32
47,5,926,959,1547,2999,317,1.8871266909970053,0.5052758184079502,42
86,12,973,4355,1669,500,333,2.877753950284546,0.5457131344308546,33
23,12,546,4708,1825,930,395,1.589891648084684,0.7784193473451205,42
66,19,88,3239,595,2016,104,1.9509272123382408,0.9459365650042048,24
27,6,589,820,175,1371,107,2.513855318682883,0.6435823825652787,29
2,2,182,3205,31,2053,190,2.378242180991516,0.663873612948064,20
90,12,965,2551,163,1774,153,2.7272821048343125,0.5578028053057561,36
17,19,21,2764,1972,128,122,2.993618361362218,0.6943154728035514,24
33,5,809,4774,1472,347,444,1.8537166575901791,0.5186108522846646,37
9,12,137,3635,1328,1819,389,1.2223017595666237,0.9588003481309502,41
43,17,617,1678,228,334,119,1.060831761615936,0.8365556740622644,29
48,17,101,436,678,1154,95,2.453753812279543,0.9953744046966094,20
39,10,662,3471,1528,2766,445,2.7480273426174318,0.9414115813392469,44
93,17,552,4058,239,800,485,1.4414251718888371,0.7364952968490763,33
42,15,855,4143,29,1540,223,1.316896074379812,0.7598425155751884,32
26,12,541,4413,562,175,190,1.124410183051382,0.5952880232585969,28
99,16,667,2516,959,1516,188,2.6454058434344128,0.7310196714197779,41
50,19,998,2332,157,1744,131,1.622763879785169,0.9515139367464058,37
25,8,837,1906,1141,906,168,1.803393785519553,0.5254267118179106,30
24,17,456,2048,412,2825,148,2.005500383219225,0.9317784014991548,37
13,5,399,1286,605,741,171,2.6789064684191013,0.6704739008213049,24
60,16,681,4719,1516,932,476,2.30166644312297,0.949756382548155,38
7,6,870,4194,376,890,428,2.2301292597156226,0.9704399531707424,35
57,8,52,1200,1867,32,106,1.3513441999118214,0.835432443500953,24
36,18,263,4368,1447,2675,202,2.0263797834196597,0.8322118932963389,39
45,12,139,1481,1342,517,143,2.4307620343573104,0.7263771688543701,20
20,15,69,1869,811,1776,114,2.9465217660609837,0.9177701122718538,26
65,9,672,2374,927,2305,102,1.4028126184267045,0.9808063792166416,31
8,13,476,1180,1868,1137,129,1.0190867061344533,0.8875409001695596,29
16,15,296,2708,1167,2848,137,1.1506028671969395,0.8109683668783546,21
14,10,526,3550,1752,1214,421,1.7517049303639585,0.8033964479106683,46
76,16,476,424,1316,2024,120,2.641089295491974,0.9247349507918312,22
87,7,939,2170,1811,2673,179,1.01428416353649,0.7706018828856491,42
15,17,787,4070,82,2728,242,1.9134611857716808,0.9019299431244112,59
92,7,354,2071,490,1667,170,1.658461230682789,0.7544426275871229,24
98,14,651,3755,1385,1610,426,1.1049634201994551,0.5312221374869621,34
66,15,391,3309,569,2916,87,1.9004725733452343,0.6919735044520776,30
32,7,788,3485,1359,1510,250,1.5094974146734377,0.7222204788357494,38
87,9,699,1939,754,2695,158,1.703769668694013,0.5708086224933087,43
63,19,262,1873,1476,162,116,2.411230609568586,0.5512481645946063,14
86,16,936,1524,109,1244,198,2.043101967821934,0.7677324748284771,41
51,8,65,2292,1092,2781,166,1.249294857985627,0.542571818278041,18
25,18,472,3293,517,2546,360,2.9228290808472783,0.6514725839450419,44
58,18,466,3184,267,584,432,2.2718215314194765,0.872298487981538,32
63,7,992,2120,422,2538,193,2.5317368513250638,0.9822160897839904,34
62,3,92,409,1485,2451,195,1.1584263000167416,0.8589352902759643,18
22,18,914,2091,1098,1735,127,1.0941167589200378,0.996312774226435,29
58,10,108,1191,604,2993,140,1.0388961007361623,0.8491689856397013,21
58,7,158,1685,1187,436,122,1.377588055546889,0.6468972353271638,17
86,17,338,4050,275,1868,238,1.8288167954369905,0.836026270252681,37
49,14,165,1993,830,2375,168,2.8716522668056457,0.8510783825984519,27
52,3,199,4824,1112,2716,228,1.9141193185315528,0.6858634923082303,39
42,12,503,3411,1348,1737,323,1.5805102107450588,0.5088569253046945,47
70,13,892,3030,671,1410,368,2.1238705070393267,0.8515998923877435,34
15,2,272,56,956,1087,36,1.2238691562695785,0.5108500476377709,13
54,3,89,3317,569,2806,332,2.219011782009966,0.8155940390300356,41
60,5,409,1641,926,1886,139,2.136863908661007,0.5818082443712775,29
97,11,773,4978,900,1141,246,2.5839860668114194,0.7828017638740217,36
8,8,618,3314,1281,1308,333,2.973375223234048,0.7519565126903001,46
53,12,269,2656,1823,1826,140,1.501746943432221,0.5067568211530913,27
60,7,781,3269,877,2207,265,2.0193129016075213,0.6814329084975517,36
5,15,624,3323,619,1524,424,2.817730812638007,0.8005455836981514,37
68,17,561,963,423,1036,86,2.570379768845682,0.92430327594939,20
6,4,794,2061,34,972,135,1.9748126062016151,0.9443210569182586,23
96,13,110,1492,293,2971,83,2.8907432992295554,0.7419249850166116,31
94,18,368,3104,1482,91,94,1.1144733870336188,0.8642112436497191,28
47,1,389,3596,890,1710,278,2.8619972394251683,0.6582272882667288,41
99,16,829,4271,310,1311,263,1.101014784765613,0.6710932028793287,32
55,13,230,4962,1101,1364,426,2.0946094882293687,0.5972317595911569,38
40,10,829,2978,1040,2174,83,2.7808818960021715,0.7809740549966196,34
52,12,429,1879,826,902,149,1.5254418871226056,0.6572820754636826,32
16,2,133,625,1170,158,125,1.944496997890317,0.5421854482192525,24
13,3,431,979,1197,2682,311,1.6486577582739332,0.8425030433315894,42
30,10,240,3809,92,2930,313,2.9042878341527025,0.853876603802699,36
19,2,699,3749,1930,2340,277,2.647291189506181,0.6799962093895289,37
17,13,72,1513,1683,1524,95,2.41800302265276,0.5383616997280114,23
63,13,494,3325,1453,2483,277,2.1752539732302174,0.713148858701713,43
19,18,637,4978,1106,2573,220,2.641183578648296,0.7211677290251077,40
92,3,712,1104,1270,752,84,1.7845340830470942,0.8343354424489464,32
58,7,583,1950,55,1768,164,1.895103710212124,0.6577081956293418,35
55,14,777,1507,627,443,147,2.4600034421617227,0.8412996398906527,25
90,17,492,1449,937,1611,194,1.7155095265874285,0.9357442708786942,36
90,12,528,3465,1833,409,384,1.1278018840967476,0.6187430211810999,31
62,16,164,492,271,361,77,1.148669217772143,0.98945977805995,8
23,12,101,3700,185,965,106,1.2307256026114075,0.6931840685684034,26
9,15,991,4702,1199,633,391,2.7393626466873258,0.6336293425735309,47
12,10,535,1228,666,512,167,1.9444528515124089,0.7107555912551453,13
1,7,464,4508,851,211,359,2.425764738689473,0.5471987379519296,35
58,5,750,1307,379,518,199,1.7858186712097863,0.5628529532560578,26
1,1,607,3684,1828,841,346,1.517421894831269,0.7072170234841657,35
34,17,654,1891,63,1755,182,1.694384335124424,0.88122226096955,26
96,3,519,2359,699,1276,91,2.588364690634367,0.9501561197872456,31
48,13,192,960,1452,1988,489,2.250432250062876,0.8324089953581355,31
89,14,395,4390,1789,246,321,2.8752795599158043,0.5526097776190848,38
1,18,583,4687,1540,1414,344,2.359409557153668,0.8360098810902675,41
16,4,740,4059,1374,2206,347,2.140363263509388,0.817713960351486,48
61,18,414,2219,1160,2923,172,2.220392017971669,0.9028819591466656,42
64,5,255,2222,1442,836,193,2.884742878936829,0.9126243333260904,28
63,16,751,173,1957,1493,84,2.576401859733412,0.9341015378894896,30
69,1,600,3208,376,1106,409,1.0480824747328756,0.7070657572895491,35
22,14,670,835,1304,123,116,2.0682793922713945,0.8489321976760722,26
93,15,659,2466,653,1894,152,2.376676823093129,0.6341251794611553,37
67,9,480,846,1638,890,99,2.49739695687831,0.9996681399917522,28
76,15,835,4222,388,687,455,1.4262842386278731,0.58766712068843,43
26,17,897,4204,82,2062,289,2.7343547089027043,0.5050572158304178,45
16,4,432,1986,1956,292,150,2.911686294350328,0.574404357259088,29
51,12,910,2206,1955,1049,178,1.4734306116897395,0.8879361447720633,27
86,5,74,3857,924,2251,411,2.765230915034492,0.7233918382541058,33
57,5,22,1351,1281,1071,86,1.1939575250321908,0.7237501239052142,12
29,11,222,4213,869,1593,198,1.1114136722304904,0.9775114598058344,30
78,6,995,3190,1818,312,355,1.2584476002054987,0.9598174540140372,37
92,7,251,3286,52,2244,259,1.115482158934072,0.6555973689020046,36
69,14,502,2402,386,2125,184,2.690024474311552,0.6045290643904331,32
47,11,222,1982,1074,1312,137,1.118100288916544,0.9242411049668698,13
94,13,702,2771,179,327,146,1.543328382727311,0.9530095355221816,30
62,2,347,414,1979,996,129,1.2075126870717128,0.7707984613992435,15
69,7,182,4966,221,1271,117,1.59084407262753,0.8147118555585502,28
76,4,681,2440,1526,1290,131,1.181118935201841,0.6284571423461467,31
16,8,173,996,1713,2767,290,2.336006501486028,0.9004013439892623,36
90,19,474,1427,48,1537,108,1.2666536326851503,0.8160612142245116,20
90,13,506,1489,378,2150,179,2.7036918516777755,0.7517567556489984,35
48,14,709,3230,766,1229,361,2.6343821014532818,0.5300542780391979,42
85,10,404,4907,160,2319,477,1.0273233709412188,0.9579674812555768,38
39,11,712,390,1144,1398,364,2.791452711030229,0.8077257101922031,32
33,2,926,3039,1513,1793,499,1.057888633486734,0.596345547346484,36
94,9,317,432,1469,1739,220,1.4792915699151132,0.8031930584915263,31
23,17,777,1606,1080,2062,162,1.06477827555199,0.8387316771199866,27
10,3,192,349,1033,815,107,1.671686974078632,0.7628851683416127,16
69,6,638,188,1608,916,106,2.0277330514265435,0.8590508689780112,23
34,5,803,408,746,1981,105,2.5932897380302764,0.7907269739643121,30
52,5,519,4981,1399,229,232,1.6759631009396725,0.9738847910160742,35
95,15,717,1572,78,2883,129,2.410980049346233,0.5268485392996534,27
10,17,555,3506,308,2676,449,1.375008914237961,0.5531228542347802,35
19,9,573,1677,953,2514,195,2.501196913488253,0.5868358184771699,27
58,3,633,1353,811,2527,94,1.471993211818475,0.845085535302166,28
96,17,773,1184,305,987,199,1.2870895118875358,0.8227979363749043,10
1,10,603,2236,212,491,108,1.3708177007481086,0.9460294301048472,20
69,3,753,3220,70,2437,408,1.3641262577637108,0.8664387264419492,38
4,18,236,3885,955,2967,241,2.0257257587539823,0.7541777437822961,31
16,18,754,2201,972,942,95,2.689595162376292,0.9959158962318152,29
24,17,742,1287,1863,156,137,1.1592101539850113,0.6330539780846496,27
80,3,445,3785,1347,386,216,2.4139126369868453,0.916595829892727,35
2,3,934,2884,1194,2979,87,2.3086929193057157,0.7133951860969596,36
92,6,431,4310,340,203,175,2.745039903658725,0.8243675694378672,26
32,13,563,1048,1561,2539,177,1.4882951210138144,0.863634235226217,31
91,15,30,2617,347,1418,176,1.9002197173700592,0.8168770435951682,20
84,9,563,1357,1639,2721,154,2.851654748887035,0.5702536515542966,36
24,4,406,706,1337,2816,165,2.319986900270634,0.7214755053739663,23
12,14,634,2710,1536,556,197,1.7775368257231938,0.7807191889665621,36
50,5,114,2261,1683,2869,188,1.262824765710537,0.9245218795892984,26
35,2,201,1959,1371,1622,155,1.524970015801182,0.7218228743992862,20
33,11,26,3780,1583,1293,149,2.162430954978767,0.9593736524021256,23
33,9,129,2096,648,2987,161,2.436335895121028,0.7201871115126053,31
61,3,402,3212,284,2577,345,1.248843773703787,0.7743899296315058,31
51,9,434,1190,1197,2697,182,2.199194520088108,0.8981428414714006,27
43,3,138,316,1476,1116,39,2.100702557677502,0.7915338422110718,11
12,2,139,1895,328,1325,165,2.0279108933814163,0.9801090361914124,25
67,12,581,1758,598,935,169,2.380246235364016,0.8301679152570638,30
65,10,569,3680,513,171,198,2.674899190166924,0.7613547270338006,25
33,9,38,3261,1719,1048,122,1.6459793663537368,0.5117959838903979,29
40,15,106,2343,396,1238,104,2.778024380221919,0.7068664487901649,24
74,8,19,3782,879,1997,405,1.3212672252371014,0.6496242096300802,32
43,5,251,3879,842,2531,334,1.3460477395023287,0.8740528339437446,32
44,11,835,1560,1024,290,123,1.5335441272478478,0.6041388375767729,28
29,2,965,525,1921,1206,164,1.2390617390941556,0.6026100436470359,30
13,15,241,1026,612,479,199,1.4606384493657552,0.5947595216186884,26
12,6,798,1257,1783,124,111,1.2128235258056892,0.5628078065781179,29
95,8,293,2010,1809,1730,184,2.6435048339707805,0.6555035018354437,21
46,5,724,607,700,2229,451,1.2779379837732492,0.9429610572217124,42
2,16,768,932,503,2418,274,2.4945951151197137,0.8874642361529774,36
35,18,811,2244,499,453,177,1.0958277358266677,0.8676256081533967,21
87,6,785,4811,730,2919,234,2.8970406550278303,0.8986684028249814,47
81,5,964,2717,1106,159,99,2.4223201750555323,0.6347089446647858,42
90,16,735,4727,518,1514,339,1.0135930971722236,0.943720845376244,37
8,13,209,4840,399,106,90,2.527713000400428,0.5686516875708022,24
93,5,954,1660,1652,1731,153,2.0281638415323706,0.668172863357791,44
26,13,88,3538,1890,2250,371,2.5587303406702397,0.7933740594836715,38
74,17,922,2504,304,2435,85,2.044993617781177,0.5514525441710003,31
90,18,965,4544,1402,148,265,2.282049715270709,0.8650650938882125,39
34,8,864,1996,1989,1289,148,2.572663310790081,0.6936230241017375,42
7,13,865,4860,805,1621,475,1.8102161091757132,0.8922028328042,50
68,19,182,4849,874,689,112,1.0054162996409042,0.7464481427923013,24
58,3,476,2858,1727,168,189,2.699892991890377,0.5904372622126681,24
75,8,590,3875,558,1004,226,1.7617807252493252,0.8673809056776722,38
29,2,425,3586,658,871,275,1.992085452033166,0.6260719779194718,36
36,8,949,3852,1883,1476,430,1.0155332843079374,0.7454051506340214,46
89,13,458,4227,577,647,432,1.984184020700196,0.5377666345784538,34
21,13,96,4749,1220,1512,231,2.972974803143459,0.8089333272060184,37
36,1,110,2020,862,2513,98,1.5565353216375393,0.8329288831081386,17
10,6,17,3872,779,2064,179,1.7908365404847562,0.6893371049863918,29
73,19,854,2869,454,903,105,2.374379992937353,0.9772113901605368,37
24,16,209,952,1603,2361,99,2.6295873350473173,0.9370844607410342,27
64,8,514,414,372,1808,178,1.8347832480122008,0.8539704578699974,19
99,1,96,4308,132,269,147,1.619337740802585,0.8568260372468713,25
49,16,52,3169,1221,2945,106,2.8756515999701344,0.6262008574710756,27
99,9,394,2608,751,967,125,2.3542899333433382,0.8284076155442245,23
36,13,630,1913,689,994,168,1.2380426089862822,0.5991031326177598,25
82,11,444,165,429,1345,163,1.1378557562692972,0.5720016119599111,23
96,13,417,2434,1659,2856,145,1.967099701580738,0.99973394710129,33
24,10,492,3985,1285,1003,294,1.4401801320945449,0.811187965736587,38
23,4,673,4985,1652,908,393,1.507969506752507,0.7154939363285953,43
62,6,26,2540,1582,2957,157,2.7553843576556964,0.6440822614419757,38
96,7,654,992,1368,2137,323,1.179132048632621,0.8019602218311137,33
37,5,157,1774,101,2692,128,2.4307282304577797,0.5247967541100431,25
12,11,286,2384,1563,894,113,1.542284506761176,0.5473404952523975,26
55,13,241,2817,1899,1346,165,2.520656442808275,0.5164283488701982,34
13,19,835,1187,72,490,154,2.4448227689270894,0.7495849166313309,18
23,10,936,2577,1695,2007,180,1.014783802888586,0.8003033145935913,38
89,10,375,4167,521,110,452,2.0182708258431985,0.5312398806789105,34
99,11,237,3470,1172,549,437,1.2786389647560927,0.8606122337494583,32
30,7,660,4828,1731,680,468,2.7324540611573536,0.6151975357572822,45
17,18,445,3956,1218,758,190,2.743171765724813,0.842600726884933,30
62,4,408,3687,1238,2793,402,1.836691614987516,0.9909485700176228,41
84,2,220,3003,781,891,180,1.888791236902161,0.8455529350269255,30
89,14,400,2417,1247,1706,184,1.6065658788090542,0.9415965264618044,33
86,13,508,4271,265,211,402,2.433212597920062,0.9740992533715336,31
13,12,549,326,144,2006,94,1.7173227260529182,0.7433755241761577,17
59,7,572,2049,1606,2205,129,1.5355849490452675,0.8511624897098534,28
19,2,500,1277,884,364,148,1.8644621190090165,0.9259846267779208,18
49,13,451,3802,831,1028,158,1.1829750367749174,0.6783044564371931,23
12,14,270,3785,97,2570,376,2.4932064092884074,0.6306986582801974,35
61,17,782,745,1869,222,292,1.025192802543574,0.9732992863891694,31
19,9,359,1359,997,592,162,2.288970123041188,0.863151750184409,29
76,17,361,4202,1240,211,151,1.3657290535097448,0.6098410666879132,30
9,8,529,3284,1162,2072,182,1.4648080924288265,0.7245416963380567,28
71,2,329,4164,832,1933,462,2.27126399728008,0.8982258847689046,31
28,13,147,2361,1036,1736,184,2.9858869315658145,0.7735314954592211,24
78,3,559,2891,983,330,190,2.5554349781451013,0.8249760490829445,34
95,16,632,4258,943,2616,229,1.451679264446784,0.8768841010225261,48
52,6,377,3609,1787,2123,110,1.3520495100822676,0.8110045944044904,27
83,19,229,3448,130,462,190,2.732465740535341,0.7700396609610979,30
16,7,346,591,1418,1280,83,1.8883678958430088,0.8748071421938868,29
69,10,232,2744,1647,889,95,1.274105605656311,0.8637815177161003,30
99,9,657,4724,1071,604,394,2.7244228466438765,0.8149362000915894,46
12,2,777,1138,1374,1614,133,2.632184705828523,0.6798947066909649,29
25,15,369,3413,1017,2819,245,2.967812727794328,0.7029060461001357,34
52,5,930,74,934,1557,332,2.819487373425368,0.9852192744420488,35
85,4,338,1622,654,379,190,2.7035806773210838,0.556192966145763,29
53,4,971,3008,723,1743,91,1.1051487956220063,0.6342524586264177,29
23,18,472,4286,869,2886,267,1.208830738996236,0.7462008796021679,40
16,4,955,1817,30,2097,158,2.1379663886082456,0.9183648430718928,29
57,17,972,4793,251,1822,243,2.062958492563641,0.5818378318648639,42
39,12,570,2285,464,2031,83,1.915926428979071,0.6384773090623049,35
53,17,813,250,972,2175,219,1.7935786508291685,0.5328991088976195,31
42,10,391,3248,630,863,233,1.8624209697286576,0.8529926330254092,34
58,1,845,306,312,1645,165,2.1385958682695905,0.6191047177378081,30
39,18,599,3797,1629,2784,366,1.0041530352001624,0.6943373753354752,37
14,18,626,4692,1628,910,108,1.5214175482657044,0.7218507235148339,28
95,14,178,2291,812,2011,114,2.036559441377422,0.9456569678032278,35
5,15,226,3225,973,2002,407,2.444432197347292,0.7056651451656184,38
35,12,387,3656,78,979,103,1.3483133847907929,0.5726125099576245,23
87,4,128,3386,1162,1488,479,2.0937623475748657,0.7621574691700606,36
93,3,199,4947,205,2960,393,2.4289193677715635,0.9814789973243148,40
75,12,776,463,149,1481,361,1.8892553158278091,0.8038428205254056,31
18,7,379,2064,1477,751,137,1.054162267340102,0.9916936102302862,28
76,11,787,1431,292,625,188,1.8985363169312732,0.920553654469435,26
9,1,158,1148,321,2524,174,1.5928897754883062,0.5179828781067064,21
74,6,685,3476,755,634,219,2.8592992154026566,0.8291997976885209,41
58,15,661,3705,1568,2765,409,1.2492267713566547,0.6433834387789419,43
17,15,868,959,1698,2024,149,2.3049519110144643,0.7798084278223619,27
7,19,497,237,286,1739,113,1.1054395326690023,0.6396725954656133,17
46,11,779,4094,70,693,119,1.892340875625393,0.6744352083026453,28
13,2,383,3806,1352,1290,318,2.107958974440161,0.9615843558770896,41
40,14,790,2065,1923,2610,145,1.595909862633731,0.6033215924458526,33
42,2,702,2142,61,1607,171,1.9101512710407689,0.9370545590129152,20
9,4,169,3694,1889,2924,280,1.3271075890603747,0.5152289040352485,33
50,17,360,2180,162,1631,89,1.6082476989360723,0.5454382691848242,25
27,3,921,407,1782,916,120,2.242212649820406,0.9273375206921316,21
66,13,297,2472,1344,1482,143,1.6036001117223102,0.8152780154545977,33
5,9,297,4307,1847,297,141,2.799486156817744,0.8736180690197751,29
29,7,901,4595,553,571,337,2.2568139152819797,0.6047088354109271,44
37,15,235,1547,576,1656,138,1.877298036871969,0.7685417277950517,30
38,11,532,2208,1897,2178,88,1.077513871108365,0.8686096117856523,28
83,2,531,2605,1422,2452,147,1.9990966704093425,0.8136570685051312,33
8,15,792,2392,1581,780,152,2.5295524842501784,0.7358493834456048,34
65,14,282,3001,631,2761,190,1.5311151960248273,0.9798918932188574,26
86,11,945,1288,1210,1469,174,2.613547139297535,0.8380786667267226,25
17,3,411,1023,1395,424,96,1.503613532101763,0.9538754001206188,15
71,17,192,4777,323,1378,138,2.647492775901601,0.8648852557868406,29
89,12,978,4015,816,1252,431,1.1705366832233548,0.8677317642988416,33
45,15,674,1100,857,41,144,2.7323674177380592,0.5400091348788396,35
4,16,497,3751,106,697,302,1.998372901866661,0.6797323109269717,34
36,5,836,2830,890,2678,189,1.593075179240524,0.9291847033598292,38
70,6,855,1638,1246,2048,122,1.5302265008302975,0.616301931074378,36
31,19,133,3928,838,1251,169,1.864021117860725,0.5577529330782331,27
19,5,994,2418,146,2075,128,2.9980989962072897,0.6630530283193967,32
61,3,635,486,1039,2769,146,1.4406547868751651,0.6102189424463069,23
54,1,799,2878,1020,1828,147,1.2064332977579992,0.9626440973965776,30
39,6,423,1606,118,548,184,2.170070337437324,0.9339833210010656,20
91,15,989,3908,556,2057,365,1.9770849328805145,0.7498416151414521,47
74,2,734,1354,1072,2669,192,2.0483925421266145,0.530671937241934,28
90,3,181,2434,671,1696,83,2.333870835114434,0.8572811730465781,26
19,17,297,232,434,676,73,1.5342881397412986,0.8117058656681323,11
39,12,444,1639,639,185,100,2.8213299907677767,0.985277335364248,24
67,18,695,1637,270,868,108,1.8713441322445807,0.7794766201351885,23
45,15,122,709,1459,515,112,1.2581723902849236,0.6681968617014546,19
13,12,897,209,96,609,172,2.4845975134678886,0.7595108467892779,30
92,16,926,4003,474,448,252,2.2862087052357003,0.989631645702258,46
58,8,131,1061,85,2841,175,1.6314868049680742,0.8481812162665152,20
20,14,553,102,480,182,106,2.243037448068097,0.8359880689635255,25
92,17,231,2357,1996,2433,104,1.4397239127379535,0.6203407948629427,38
72,8,640,1278,423,1282,122,1.889678718681059,0.8718012587803088,17
61,15,48,1085,834,91,137,2.7988250443346505,0.8751359147358859,24
39,14,506,3752,904,674,307,1.2670684663214988,0.6586444918879526,31
1,18,789,4095,735,288,397,1.773392899974924,0.7418569161953565,33
3,7,242,4995,466,1796,398,2.6422848494406947,0.647301666470228,38
77,3,952,4499,1318,2482,261,2.9389817988123563,0.6293525351621434,47
92,12,539,1314,1272,1288,187,1.907852272843592,0.5129480351247426,23
62,3,158,1934,1710,1035,104,2.013999240286694,0.6426058723266661,37
63,14,406,1859,1632,2742,87,2.1443439235675394,0.7769849749391374,30
25,15,670,3217,662,1103,498,2.864696283267421,0.5008005937745144,44
56,14,647,3847,681,25,149,2.71641358195406,0.6416095419048338,30
33,7,913,2391,1591,1001,106,1.341202249243289,0.940705166161625,45
38,17,311,3464,1405,2637,353,1.87351563569415,0.7968242925536804,35
6,12,369,867,504,426,109,1.9280008563928528,0.8039314120404902,24
58,4,247,2487,1657,1973,94,2.5781922232975134,0.7016821525131767,31
44,9,656,938,1952,2093,105,2.2057857652108703,0.8382360717462055,30
45,6,672,717,1078,1005,100,2.3084409240580257,0.5949663831151796,30
32,16,245,4778,1434,409,378,2.9963998153312352,0.909373405192096,32
45,2,745,2674,1280,729,158,1.149920086940026,0.55834455996795,32
61,8,212,4282,1649,2638,493,1.446019647067466,0.8280006773265547,38
47,11,265,4573,606,1491,196,1.8157918747430937,0.6705746629098415,22
21,13,607,868,459,773,119,1.6955648060977744,0.8737564852912384,25
80,17,671,2238,494,2213,133,1.0432911226939672,0.77488227563301,41
85,8,244,1156,655,1431,134,1.1835552129423517,0.7261765192393581,23
75,18,354,2274,629,2852,159,2.361906582807152,0.5847112010466236,44
36,18,543,247,1051,1292,168,2.758648926725121,0.8184107321421764,24
99,14,869,2721,1639,545,132,2.028454022531955,0.9873849217102064,41
19,15,806,3542,671,1505,482,2.078382159027266,0.9128017124535076,41
20,6,790,2498,767,2080,119,1.5101868656647588,0.5300040962945058,42
57,11,475,520,298,2970,122,2.5357527272674227,0.6881146891805956,23
18,13,779,1998,1447,2451,91,2.503589174734513,0.9627915045951358,32
47,1,550,3949,730,575,457,2.176731378435313,0.7515218737785108,38
49,6,222,2060,647,2954,141,1.4253285730226857,0.8310559129040895,20
14,9,472,3850,244,38,380,1.194036436474179,0.9562996727956952,34
15,8,445,4168,425,594,154,1.1284771517142518,0.9368973452099404,29
31,11,292,3846,947,2818,353,2.1853921332857555,0.7509101877702555,45
1,19,571,4038,508,1023,456,2.6500706382856,0.718823151328801,33
54,9,616,284,983,2486,137,2.7166608635618497,0.6698463092397935,23
3,17,472,978,643,2486,175,1.9272441486869,0.8595097215814456,25
16,12,416,3657,1683,1958,365,2.568542598613434,0.6434933997357717,47
87,14,97,572,1029,1959,93,2.893760392682047,0.6249438032154501,23
57,15,53,3573,124,1655,174,1.550340224976136,0.67812494730189,20
75,16,470,4576,941,1718,362,1.7959206927615143,0.588607528439396,32
12,1,287,4938,683,2189,298,2.8629579851933613,0.8475599079728837,36
74,10,692,1679,1746,451,192,1.6764619346345695,0.8081203246653061,32
96,8,430,4678,1267,2111,445,2.8277525806435926,0.7414392670579217,40
16,18,710,1366,1573,1915,105,2.962089724508932,0.6951628896307773,31
72,1,362,2907,1044,1963,186,2.3236214571488496,0.9545312714483658,32
76,2,705,1174,215,1360,139,2.6337805790083366,0.5145618924945526,17
24,1,524,2637,1712,2448,157,2.49909112844217,0.8845538717536496,36
28,1,712,1073,256,164,189,2.399068515231048,0.9509547858744444,18
8,9,639,1428,1592,2430,196,1.6138621459624651,0.723177289714963,24
92,13,28,3424,767,1093,132,1.1141886758158874,0.7753452457353234,27
36,1,32,1569,1160,1108,112,1.6861034650393012,0.9722318439410188,18
90,13,422,276,156,2422,118,2.333871970407813,0.6061387576427573,28
8,7,39,941,127,819,46,1.2050583964556028,0.7600674238923424,6
58,2,816,4122,1944,2893,381,1.0238359659564842,0.7373605635641065,43
60,6,117,2307,1415,1171,195,1.2793847452058773,0.629196323935185,31
50,7,376,2838,421,2465,169,2.4314718528215904,0.909296615186554,38
28,14,290,446,1697,1976,372,2.945587403312888,0.949800297381618,31
92,18,137,2128,1617,2947,147,2.966129399229641,0.8909662898941044,34
41,15,238,4794,372,482,177,1.987958298280376,0.5976794804243042,28
64,2,120,4474,1542,1794,335,2.738704601984695,0.5433743177506908,40
27,10,145,3287,146,2065,352,2.473652911503008,0.8027222426526712,36
63,12,371,3943,1208,827,194,2.002080473969207,0.528547380254942,27
17,17,195,2055,1322,206,136,2.1455210659101738,0.8364129442790421,22
73,8,665,2066,967,1763,84,1.2744542932337422,0.7652121101636213,25
33,11,593,3221,1514,751,299,2.875322921233184,0.8313928663718317,37
84,3,138,2718,28,1955,109,1.7038595414635536,0.795085386824872,24
77,6,885,1928,204,1233,188,1.892298512914339,0.7113512847635863,21
92,9,270,1246,339,1431,163,2.343320461995797,0.6004385900701141,24
29,6,524,1822,1969,448,179,1.667804943053108,0.6528510679052443,35
13,9,458,211,184,2925,322,1.508518321977861,0.7622502871094883,31
46,7,909,4026,1011,1327,235,2.262098786540441,0.825934046823803,46
35,9,113,1801,458,2304,136,1.049968164563699,0.8897415084422642,30
6,18,492,825,1958,1237,82,2.4414502240533578,0.8835853592245304,16
82,12,233,989,955,1330,26,2.0280467397530195,0.9863443716305428,14
69,8,841,3270,1387,790,159,2.211507461041869,0.6429207243317048,30
47,8,883,589,1532,777,89,2.2637603184937705,0.5355553541067184,28
25,18,875,4967,150,155,250,2.054100312985128,0.6728284677709296,43
66,15,500,1511,767,811,118,2.165067554881472,0.8716472376120383,34
10,7,482,405,1930,190,136,2.367576401779749,0.7190558255166476,24
56,11,19,3654,939,2226,142,2.5062376943593483,0.9088942152947096,28
30,16,414,3373,102,2268,332,2.4549047825722408,0.7746631825930075,35
5,4,905,284,1977,1600,96,2.739232915464523,0.9648958613152516,27
33,6,311,1598,248,981,175,1.3788868663348055,0.9739317209995344,30
65,3,240,2146,214,2650,151,1.802295938983595,0.5346522530093744,29
18,9,740,4263,569,895,264,2.895592132028914,0.7282067198562121,35
96,10,932,2151,1466,2438,170,1.7931811487726594,0.804844530624784,42
49,14,75,1723,254,122,107,1.2497401538118451,0.6279362704061064,15
11,11,946,2150,841,1021,132,2.050890252724359,0.7035383896894901,36
85,18,121,3707,1350,1168,199,1.2189819451089243,0.8388407705588492,30
26,12,22,4703,934,2865,400,1.4057064774557304,0.6133671134491807,36
63,12,402,3646,304,1501,117,2.9966375131419136,0.8009906764872262,29
89,13,509,3798,649,677,495,2.082725276792264,0.848723914082153,31
86,13,941,3223,865,2949,222,1.568116778080858,0.5452481555479334,48
59,19,607,1865,1315,1240,181,2.9895499091478124,0.7487646580137264,25
27,19,243,3891,26,2800,383,2.933117837110286,0.6315400149620953,32
49,14,611,2055,80,442,97,1.881478082168527,0.8621931779990223,27
77,4,323,4543,1302,2639,291,1.5208062175758168,0.5947777542684702,46
33,13,575,724,1358,190,148,2.67679927618438,0.9461189577690532,15
98,8,21,436,1827,2240,387,2.431241433943572,0.7154706682591634,31
99,19,218,2208,314,2730,200,2.3738828700070207,0.5990015151537768,38
1,12,983,2711,1484,472,85,2.786227482644945,0.7190108981751646,42
21,18,23,2114,1040,2417,176,2.3788342677426493,0.7043718814042639,30
55,6,642,3901,1347,1995,367,1.5675958860830983,0.7144594797468551,49
6,18,427,3303,826,1677,363,2.3877263237514645,0.7927806467487235,38
92,19,446,4686,1136,2561,332,1.611627022567328,0.7605868624567688,47
81,5,386,4316,830,2687,428,2.51847795931399,0.5748885658404513,34
69,9,29,789,202,2986,154,2.239495708983132,0.5327895363233182,22
95,3,596,1451,1786,2073,88,1.1548231039695012,0.8647077243632703,25
5,10,921,3309,1607,307,214,2.025670724870284,0.7798587179641567,40
3,19,764,2327,538,1661,98,1.686601938391482,0.6795003840396319,38
53,3,744,3954,180,1467,486,1.6571412654645885,0.9041789112490368,35
23,15,79,3973,1570,1933,171,2.2045126047545143,0.6940292371304785,26
53,1,833,4264,260,627,369,1.6446496489388498,0.8979825448003038,34
37,7,220,3277,1798,476,372,2.553787496409745,0.6528780637561873,38
74,12,110,2881,1420,1784,170,1.1415828720223489,0.5364226487725998,22
74,17,707,3808,1240,1245,298,2.3207765047916507,0.9663198468999644,36
83,5,141,2562,550,1255,126,2.6183896073134827,0.6972755646406865,31
17,4,632,2201,1662,1049,100,2.34566337984086,0.8963462864246889,37
85,12,390,3725,425,2691,354,1.9944583900399917,0.6395720666111522,36
78,18,141,2795,803,2443,162,2.900614027472362,0.823182556061828,29
73,17,29,3916,1413,466,175,1.5998769795961272,0.9366554366288642,29
1,19,915,3814,1177,854,292,1.0383357750499556,0.5208220111699902,44
51,9,545,2272,34,830,174,1.8639787429268817,0.9153178823430446,29
45,4,236,2842,1855,1444,199,1.0660238718006545,0.7856665024859644,41
77,2,163,1747,677,1431,178,2.9078735050528177,0.8037358769542846,17
4,4,814,3512,1106,978,199,1.419836091496103,0.7615790004029913,29
62,2,751,4113,641,1495,165,2.577854047897759,0.9372375516418212,27
65,15,478,1574,1857,2916,183,2.549144166348729,0.5217166786178187,35
32,2,831,4810,1866,828,444,1.435457799365867,0.6305141957679241,39
34,4,880,82,1126,998,407,2.242453060960335,0.9378812694295776,36
92,6,414,4075,514,2483,223,1.0961579369729004,0.876172851265978,35
95,7,211,2616,1631,745,157,1.967149171407735,0.5088225800893029,32
72,10,47,2853,345,2521,117,1.0292942545449737,0.7585031416048543,17
39,19,951,3946,434,1236,402,2.842287760361684,0.7647863403563374,41
26,19,781,3759,508,2217,241,2.9521720483991434,0.7004410675639552,38
34,12,197,769,1397,1923,118,1.4445655332771703,0.6486966660309949,28
54,3,66,4629,956,2826,350,1.4162120691927456,0.840862425206171,39
3,13,950,1022,639,798,184,2.5074403531242595,0.603895232352377,40
50,18,29,3768,1778,992,159,1.506758797658669,0.899474281035853,28
12,8,282,4452,1232,2830,381,2.79015311832369,0.901518580383736,49
65,15,128,4602,727,1558,428,2.1478582722459647,0.7076307187864103,37
54,1,592,2257,1446,1436,153,1.7015552460206242,0.6417740054548238,41
5,3,525,4476,348,2143,329,2.66538749269884,0.6419390907953566,43
94,8,230,4370,668,618,353,1.9868134008267904,0.741145661998105,37
94,4,535,3080,971,244,334,2.823265827416951,0.8597896123746793,38
57,16,524,3625,1970,1573,341,2.856028473458762,0.6794343454969294,33
17,10,737,3166,438,2180,409,1.3308403042568189,0.8050216727288757,40
47,12,750,3335,1816,2318,266,1.0046468122638603,0.6912422302912972,40
23,14,345,693,908,860,85,2.967861880284804,0.6522615945756917,23
79,14,707,4761,148,1834,416,2.812275072254959,0.5124297579578971,36
85,2,64,244,1726,733,80,1.1108904714076828,0.5019570528676953,6
14,5,509,4046,951,1126,270,2.66606852788214,0.6136038389160022,41
66,5,909,538,551,144,175,1.9156098651184128,0.7032031434004977,22
75,6,897,2254,66,1112,128,1.5179232100499505,0.92563058368103,33
51,13,775,2707,1265,2951,185,2.75749304735386,0.8992421214652127,35
38,9,545,3326,667,1299,119,1.3933344647806143,0.633582631293995,25
64,15,171,1152,444,1770,90,2.8945999988401336,0.6222702214921496,17
98,14,679,1291,393,49,126,1.4112429753986822,0.6136610355350137,18
38,7,603,565,569,2348,376,2.2273663754574877,0.6696186702644336,33
50,2,924,442,203,2991,150,1.4461726690579495,0.7490993597808426,25
98,7,168,680,1769,2037,200,2.0913373299372697,0.7193338860157877,22
82,6,197,3766,1681,2435,348,2.367950259830282,0.6091365993907469,39
30,17,69,1897,543,514,112,1.3804558616402751,0.565225704971809,22
79,2,924,2705,527,1629,135,2.0417715654013584,0.5062889062430977,42
91,3,826,1029,725,737,169,1.938119488780238,0.576981619333252,24
51,5,328,4579,760,1036,398,1.1420748428066825,0.8526781850970591,38
63,5,887,3452,194,1357,428,2.636615635350606,0.6218192846727915,35
98,1,220,3921,1905,625,103,1.6713648012856834,0.734300905060755,27
52,8,415,327,301,394,177,2.14916439510376,0.7956505744616224,22
38,12,673,282,1368,2706,158,2.029568469866269,0.9434204514158036,23
97,4,118,1602,741,1980,97,2.0265210091408843,0.9444275491967098,31
88,13,85,3320,125,1068,93,1.214444788416975,0.8728668668406795,20
79,15,551,2459,834,1377,195,1.846964018498665,0.5175784960242507,32
30,11,323,3562,1082,135,315,1.9047335184131404,0.7875352095427075,35
51,10,126,75,694,2115,176,2.4672856807288968,0.8932917354157532,22
81,3,936,510,91,1821,98,2.680037663841397,0.5086440223816816,23
5,14,877,3814,843,2166,406,2.089964556200036,0.7748423068282891,31
29,16,713,3481,342,1502,92,1.173565908129981,0.9288820728930148,24
4,10,28,3533,566,1566,90,1.4736989411930923,0.7370510379211335,28
10,10,441,2044,344,1640,117,1.329868053705462,0.5020531014487242,37
56,12,694,540,541,2472,122,1.2492301263782497,0.5055066791678038,25
17,9,749,1122,1993,704,170,1.7317985972356151,0.7083180187068753,29
74,1,359,3223,230,2970,338,1.458787004308764,0.5775043337083773,35
17,5,192,265,644,2570,15,1.4366062236230246,0.8322253285466298,7
84,8,122,1773,1779,1491,165,1.109386349152535,0.8543996324530769,31
88,11,192,1642,1766,2961,199,1.0353400895908678,0.5889398977303143,27
69,12,490,2656,332,1619,110,1.2055364852995636,0.9442666442622424,23
34,1,155,208,1884,2325,87,1.344394958847266,0.720953922489463,19
6,11,840,4831,12,2911,489,1.8619674576964065,0.5714229537959619,49
53,5,637,3363,1727,2188,234,2.0210405225976893,0.8821257990346978,42
66,15,122,2891,215,829,143,1.2811838363467312,0.8949872500083864,18
77,5,772,1826,1865,997,190,1.8495666830483728,0.8196477363327288,29
43,12,485,2102,49,2121,196,1.6834976846518546,0.9267327766012764,26
75,5,772,2345,68,1374,182,1.366847286995912,0.8686864860153356,26
23,17,312,1746,960,803,131,1.013681496296727,0.9411028686134952,13
55,17,980,3043,583,260,459,1.9340357330434836,0.7169440242427397,38
80,12,834,2519,653,1798,166,2.3713034985303985,0.8737985640497212,34
95,15,127,1996,1540,1573,124,1.452554668287614,0.9998757817145222,25
75,15,822,3859,1605,502,491,1.2636136597933587,0.8624655987598095,38
16,6,170,2833,1917,1032,125,2.774085488893924,0.5570918901185661,31
8,12,410,3694,852,206,147,1.5500495449755956,0.7591593612145915,30
4,18,207,2550,1155,1901,131,1.4472252395853296,0.7936738956215139,17
4,14,269,3695,1512,2723,267,2.714193879219832,0.5871053375356955,37
56,2,669,2695,628,2329,84,2.6342141983335225,0.9814458170890188,33
25,9,761,2399,105,972,181,1.8966929410492672,0.5877898888173081,39
67,5,56,1982,1892,1407,82,1.978477722855549,0.5887789598566113,30
96,1,996,3344,1447,510,289,1.435497409668044,0.9575835689872776,36
67,3,408,1807,1268,450,167,1.156603340959115,0.7326027165608355,25
27,6,719,1166,907,258,199,2.146863650711322,0.5315941396372581,26
93,5,568,2617,1095,2371,193,1.1966898431804265,0.7990937499692643,40
32,5,87,3549,1289,2365,366,1.8985490939133,0.8009131743165239,41
50,1,133,542,570,95,178,2.880994397026021,0.5322503793432809,18
61,17,84,3356,914,1376,84,2.9056687783411688,0.986261247816831,30
51,19,880,669,357,1943,98,1.4786645730947172,0.7720149826472877,21
19,14,146,3282,680,1801,289,2.248226840091309,0.7798978610898821,36
21,12,611,3873,1157,2709,308,1.9481525282157155,0.7600577072511973,41
5,10,409,2430,1515,846,172,2.751370255172212,0.8053658898223099,29
82,18,846,1596,326,2350,145,1.5428617285521065,0.6321498763868775,23
92,11,514,3613,1537,610,284,1.0074048136648337,0.6436206739874204,39
42,2,509,1655,728,2139,137,1.3251224118628302,0.7556695448980664,31
61,18,582,3802,1081,2770,358,1.699045602338796,0.9033429273817898,36
22,7,147,4725,1442,1922,405,1.6314422595409772,0.5249322882470895,36
21,15,59,1940,1965,1930,123,2.582725838245772,0.801702106110123,34
70,11,780,1325,1169,594,167,2.3611213322776754,0.9033890712531568,26
1,18,982,2793,1234,911,186,1.5991126392297943,0.5784586360186136,34
5,12,628,2543,259,2079,174,1.9154876343324267,0.5075112709902831,31
12,6,634,406,323,160,40,1.1911182079166704,0.656356647570729,10
90,13,871,919,1902,1809,333,2.7962928896402017,0.794071853364799,31
46,16,263,935,1401,36,97,2.8708496488970683,0.5691415867023739,27
34,18,639,2051,1462,1106,108,2.9596070707618765,0.7130611854862428,31
49,10,719,1333,1863,272,98,2.737105661571676,0.7761607486871389,25
78,8,858,669,816,484,183,1.347921775392451,0.7994415473786586,28
90,18,886,932,1513,395,403,1.0923929664032577,0.6372058605001876,33
45,1,572,846,1347,1847,371,2.159193454825348,0.7000148179931457,35
27,8,766,3692,1533,539,436,2.825210053766221,0.8891696145337793,41
73,6,924,3475,1754,1880,405,1.3547027233194855,0.9706073470603428,38
26,5,435,1346,1388,109,173,1.0140858292482835,0.9309401655591286,30
47,15,556,4764,494,739,455,2.610992092064489,0.7821417508667159,33
86,15,311,294,1244,2871,161,1.153591368573468,0.7051464014719733,24
56,2,931,2945,1737,2863,145,1.8274120638200608,0.6664783071857091,35
94,1,590,979,53,649,223,2.35777467437757,0.562478283042009,32
63,11,358,569,1574,1904,138,1.4735951709123605,0.5532756236080565,28
48,10,841,3262,580,95,409,1.1679251268934534,0.8441788124568288,42
61,18,942,2459,592,945,94,2.540042456911657,0.6298972080855803,43
81,18,989,57,1125,2467,88,2.2603501697740827,0.6273308432162235,22
26,17,58,2575,1298,1825,152,2.976980968973609,0.9990975272388928,34
36,8,926,3473,904,989,204,1.6886160666399186,0.5939629789368976,36
1,15,83,2069,229,1114,123,1.1235247725803994,0.5740298797444148,20
8,8,713,4640,1935,2048,219,2.4687000706705917,0.5493426138799603,33
99,17,270,4332,934,1424,393,2.0434668377064917,0.7899026725833981,31
52,12,365,3717,1475,2864,114,1.42640786277827,0.8139319130010507,28
79,8,591,3721,410,214,396,2.563457978009519,0.6826139631284409,32
47,14,611,2851,1433,247,177,1.4075109716998877,0.7677066677557338,27
56,4,269,135,736,1479,65,1.5213233096658731,0.8941997654724563,14
86,1,647,3165,1000,480,93,1.1850571087334385,0.9090520841608742,24
14,1,752,4282,908,637,278,1.7988645580617089,0.978956037857824,39
90,19,304,2518,1822,83,169,1.8378584478748377,0.9121339929614372,26
28,16,940,3669,1609,2232,371,2.029123580696597,0.7824207183587133,45
87,14,650,1686,867,2094,99,2.417928534247555,0.589828482918423,45
78,16,801,3633,813,304,496,2.812201857360852,0.5498817788514212,39
88,5,322,4059,499,1703,472,1.2754681977756173,0.5272559449554296,41
2,9,621,3376,1518,2348,484,1.108696196697314,0.8332629158926919,37
26,2,847,2268,1790,857,194,1.0370624671886666,0.9037681276989966,28
14,18,818,2267,1503,850,138,1.2872427561376325,0.7543419753420395,25
59,6,191,2419,1607,1207,139,2.315898971563252,0.52735708741682,38
56,9,695,3688,947,2985,320,2.454954155992993,0.7677352872956691,51
7,1,837,2553,853,243,152,2.5730114270562443,0.9678746307622752,25
3,9,373,993,1715,803,189,1.487416423808685,0.7988065954662302,21
23,16,197,2887,1478,969,191,1.6117896265230398,0.9047137442314076,20
18,13,578,2710,1302,64,95,1.966269291130999,0.9000763241958754,35
38,9,552,2986,276,1830,84,1.126366193720453,0.9660645498903264,34
99,13,605,4494,63,490,124,2.2222830464224925,0.8851143828249366,28
15,9,673,3997,537,2101,423,2.9674700673515155,0.8738502570065447,38
64,11,994,1726,1553,2720,163,1.7216126227560051,0.6170513324853203,32
89,4,557,1246,625,849,120,2.505694950182768,0.5299625776605408,35
28,2,734,4155,1092,1929,304,2.000067831139216,0.7587997325269038,42
74,6,935,2837,1858,2288,170,1.2556236887207657,0.5622171039733777,33
39,14,417,1511,1073,1911,171,2.1644748976051726,0.9810979381389956,26
57,4,885,3368,1270,2601,449,1.59974853688813,0.6449623813165143,44
17,6,627,716,964,711,133,1.0688064169069165,0.9264721016921466,25
86,19,423,2226,395,1410,124,2.269859460235488,0.6938123126012297,29
90,6,351,3793,1639,951,488,2.7178646986494552,0.6615971249286887,34
44,2,229,650,743,860,18,1.6895395337997483,0.9675792861883106,13
25,18,912,2702,725,1958,114,1.780591094425541,0.6816612860431119,27
17,13,172,4472,659,1593,342,2.782043365934423,0.6951439543315683,36
13,9,960,3874,309,2649,270,2.627217626734712,0.5530458898064545,53
84,19,229,3956,404,2306,220,2.4299056471035545,0.8352233326412546,37
25,13,279,1029,1240,2508,153,1.4975941275062958,0.6444197072387567,20
68,11,641,2501,1369,167,157,2.820433309933289,0.7928020839197536,39
10,1,915,678,602,1052,151,1.308831515078426,0.7956758520266047,29
67,7,857,1679,1763,1331,95,2.2535410388344435,0.8595998477978835,33
18,15,409,3746,523,407,150,1.0576023610930374,0.8726207430862206,26
86,1,191,3480,1211,1893,348,2.287439612649892,0.7572262172007698,32
34,12,627,3724,405,935,113,1.5542887037467197,0.6654959738017014,27
8,7,738,3979,380,1898,282,1.89935395436744,0.918725447417367,40
40,15,214,2815,867,2705,95,1.6905291041141062,0.6549328247042423,35
83,19,591,4419,800,297,256,1.3455135124924198,0.7537545472346657,41
42,1,565,4830,667,1997,475,2.243961580187748,0.700626291601864,49
41,17,850,165,1351,1879,163,2.763951110281215,0.927539192984844,29
6,17,822,2053,745,1845,155,2.9181684845648066,0.7159592655729143,30
52,3,237,742,1402,2656,170,1.38469272630783,0.6930495944187421,29
26,12,705,3212,393,1853,466,2.434745548125947,0.8449118464488188,32
